Rank,Team Number,Quality Awards
1,67,16
1,254,16
3,148,15
4,27,13
4,2056,13
6,359,12
6,1538,12
8,1024,11
9,231,10
9,1153,10
9,1218,10
9,1403,10
9,3937,10
14,16,9
14,207,9
14,494,9
14,610,9
14,1619,9
14,2122,9
14,2200,9
21,33,8
21,48,8
21,103,8
21,176,8
21,2337,8
21,2811,8
27,68,7
27,281,7
27,364,7
27,696,7
27,1065,7
27,1114,7
27,1323,7
27,1678,7
27,1768,7
27,1983,7
27,3538,7
27,5409,7
27,5895,7
40,20,6
40,60,6
40,70,6
40,118,6
40,126,6
40,157,6
40,230,6
40,245,6
40,456,6
40,525,6
40,834,6
40,973,6
40,1319,6
40,1610,6
40,1756,6
40,1942,6
40,2013,6
40,2046,6
40,2767,6
40,2910,6
40,2990,6
40,3196,6
40,3250,6
40,3452,6
40,4253,6
40,4414,6
40,6424,6
67,11,5
67,75,5
67,78,5
67,111,5
67,190,5
67,191,5
67,195,5
67,233,5
67,303,5
67,314,5
67,316,5
67,365,5
67,548,5
67,623,5
67,846,5
67,935,5
67,1025,5
67,1305,5
67,1501,5
67,1640,5
67,1690,5
67,1717,5
67,1730,5
67,1986,5
67,1987,5
67,2054,5
67,2791,5
67,2826,5
67,3467,5
67,3476,5
67,3494,5
67,3658,5
67,3847,5
67,3986,5
67,4003,5
67,4607,5
67,5199,5
67,8177,5
105,34,4
105,58,4
105,61,4
105,66,4
105,141,4
105,179,4
105,222,4
105,271,4
105,291,4
105,293,4
105,469,4
105,587,4
105,708,4
105,744,4
105,836,4
105,869,4
105,968,4
105,1023,4
105,1073,4
105,1318,4
105,1325,4
105,1414,4
105,1477,4
105,1540,4
105,1684,4
105,1701,4
105,1727,4
105,1746,4
105,1796,4
105,2052,4
105,2363,4
105,2370,4
105,2412,4
105,2611,4
105,2630,4
105,2928,4
105,2996,4
105,3015,4
105,3284,4
105,3309,4
105,3310,4
105,3322,4
105,3357,4
105,3360,4
105,3419,4
105,3534,4
105,3539,4
105,3641,4
105,3663,4
105,3737,4
105,3940,4
105,3970,4
105,4362,4
105,4391,4
105,4451,4
105,4488,4
105,4576,4
105,4587,4
105,4775,4
105,4911,4
105,5468,4
105,5511,4
105,6329,4
105,6502,4
105,7845,4
170,45,3
170,51,3
170,56,3
170,59,3
170,64,3
170,71,3
170,74,3
170,79,3
170,85,3
170,100,3
170,107,3
170,121,3
170,131,3
170,133,3
170,135,3
170,180,3
170,217,3
170,226,3
170,229,3
170,236,3
170,237,3
170,238,3
170,246,3
170,272,3
170,294,3
170,308,3
170,330,3
170,340,3
170,343,3
170,346,3
170,360,3
170,384,3
170,401,3
170,422,3
170,503,3
170,533,3
170,614,3
170,649,3
170,687,3
170,701,3
170,815,3
170,829,3
170,900,3
170,910,3
170,930,3
170,999,3
170,1058,3
170,1160,3
170,1197,3
170,1261,3
170,1296,3
170,1533,3
170,1574,3
170,1577,3
170,1596,3
170,1622,3
170,1860,3
170,2016,3
170,2102,3
170,2202,3
170,2240,3
170,2377,3
170,2485,3
170,2582,3
170,2590,3
170,2640,3
170,2771,3
170,2832,3
170,2851,3
170,2994,3
170,3061,3
170,3218,3
170,3229,3
170,3234,3
170,3245,3
170,3481,3
170,3512,3
170,3547,3
170,3604,3
170,3647,3
170,3668,3
170,3674,3
170,3679,3
170,3688,3
170,3707,3
170,3990,3
170,4099,3
170,4130,3
170,4183,3
170,4188,3
170,4201,3
170,4265,3
170,4272,3
170,4334,3
170,4392,3
170,4405,3
170,4481,3
170,4522,3
170,4539,3
170,4613,3
170,4655,3
170,4728,3
170,4910,3
170,4917,3
170,4970,3
170,4980,3
170,5114,3
170,5172,3
170,5216,3
170,5312,3
170,5462,3
170,5576,3
170,5675,3
170,5990,3
170,6340,3
170,6829,3
170,6995,3
170,7421,3
170,7627,3
170,7769,3
170,8013,3
170,8083,3
292,47,2
292,63,2
292,69,2
292,86,2
292,102,2
292,115,2
292,122,2
292,144,2
292,159,2
292,166,2
292,171,2
292,172,2
292,175,2
292,177,2
292,192,2
292,203,2
292,224,2
292,225,2
292,234,2
292,250,2
292,280,2
292,287,2
292,302,2
292,319,2
292,322,2
292,333,2
292,339,2
292,348,2
292,353,2
292,354,2
292,379,2
292,399,2
292,449,2
292,581,2
292,599,2
292,604,2
292,624,2
292,670,2
292,704,2
292,706,2
292,714,2
292,747,2
292,753,2
292,818,2
292,839,2
292,852,2
292,854,2
292,862,2
292,868,2
292,871,2
292,894,2
292,907,2
292,931,2
292,948,2
292,955,2
292,957,2
292,967,2
292,971,2
292,980,2
292,987,2
292,1011,2
292,1080,2
292,1086,2
292,1102,2
292,1108,2
292,1124,2
292,1126,2
292,1156,2
292,1188,2
292,1241,2
292,1251,2
292,1262,2
292,1288,2
292,1360,2
292,1388,2
292,1391,2
292,1425,2
292,1481,2
292,1506,2
292,1507,2
292,1595,2
292,1629,2
292,1648,2
292,1671,2
292,1675,2
292,1676,2
292,1683,2
292,1699,2
292,1711,2
292,1714,2
292,1726,2
292,1729,2
292,1741,2
292,1764,2
292,1772,2
292,1792,2
292,1806,2
292,1807,2
292,1810,2
292,1908,2
292,1912,2
292,1923,2
292,1939,2
292,2022,2
292,2062,2
292,2075,2
292,2135,2
292,2137,2
292,2147,2
292,2177,2
292,2338,2
292,2341,2
292,2403,2
292,2478,2
292,2506,2
292,2539,2
292,2550,2
292,2557,2
292,2586,2
292,2587,2
292,2607,2
292,2619,2
292,2654,2
292,2702,2
292,2815,2
292,2930,2
292,2959,2
292,2976,2
292,3005,2
292,3075,2
292,3100,2
292,3117,2
292,3128,2
292,3140,2
292,3142,2
292,3160,2
292,3176,2
292,3238,2
292,3242,2
292,3255,2
292,3266,2
292,3316,2
292,3374,2
292,3459,2
292,3461,2
292,3489,2
292,3536,2
292,3546,2
292,3572,2
292,3574,2
292,3598,2
292,3602,2
292,3624,2
292,3637,2
292,3656,2
292,3683,2
292,3739,2
292,3767,2
292,3787,2
292,3931,2
292,3950,2
292,3959,2
292,4009,2
292,4028,2
292,4039,2
292,4063,2
292,4089,2
292,4256,2
292,4270,2
292,4296,2
292,4343,2
292,4364,2
292,4384,2
292,4415,2
292,4467,2
292,4469,2
292,4472,2
292,4499,2
292,4564,2
292,4635,2
292,4638,2
292,4738,2
292,4818,2
292,4909,2
292,4941,2
292,4946,2
292,5069,2
292,5126,2
292,5150,2
292,5188,2
292,5190,2
292,5291,2
292,5401,2
292,5410,2
292,5419,2
292,5484,2
292,5534,2
292,5572,2
292,5614,2
292,5654,2
292,5660,2
292,5674,2
292,5687,2
292,5892,2
292,5907,2
292,5951,2
292,5980,2
292,5985,2
292,6081,2
292,6098,2
292,6121,2
292,6417,2
292,6459,2
292,6510,2
292,6705,2
292,6706,2
292,6978,2
292,6986,2
292,7034,2
292,7121,2
292,7211,2
292,7426,2
292,7449,2
292,7470,2
292,7558,2
292,7632,2
292,7667,2
292,7790,2
292,8033,2
292,8044,2
292,8114,2
292,8280,2
292,8517,2
292,8592,2
292,8724,2
292,8866,2
292,9080,2
292,9098,2
292,9165,2
292,9208,2
292,9408,2
292,10589,2
534,1,1
534,4,1
534,5,1
534,8,1
534,14,1
534,19,1
534,25,1
534,38,1
534,40,1
534,57,1
534,87,1
534,88,1
534,90,1
534,93,1
534,108,1
534,120,1
534,125,1
534,128,1
534,138,1
534,146,1
534,165,1
534,173,1
534,178,1
534,181,1
534,188,1
534,193,1
534,201,1
534,211,1
534,219,1
534,223,1
534,228,1
534,247,1
534,263,1
534,267,1
534,288,1
534,292,1
534,312,1
534,323,1
534,325,1
534,329,1
534,337,1
534,342,1
534,357,1
534,358,1
534,368,1
534,375,1
534,378,1
534,383,1
534,417,1
534,425,1
534,433,1
534,435,1
534,446,1
534,447,1
534,461,1
534,473,1
534,476,1
534,484,1
534,496,1
534,507,1
534,509,1
534,522,1
534,527,1
534,528,1
534,538,1
534,540,1
534,549,1
534,555,1
534,558,1
534,562,1
534,569,1
534,571,1
534,590,1
534,597,1
534,611,1
534,612,1
534,617,1
534,619,1
534,620,1
534,639,1
534,692,1
534,695,1
534,710,1
534,716,1
534,746,1
534,751,1
534,772,1
534,801,1
534,816,1
534,830,1
534,832,1
534,835,1
534,840,1
534,842,1
534,845,1
534,865,1
534,870,1
534,876,1
534,888,1
534,903,1
534,972,1
534,975,1
534,977,1
534,1014,1
534,1038,1
534,1088,1
534,1100,1
534,1148,1
534,1157,1
534,1158,1
534,1180,1
534,1182,1
534,1216,1
534,1225,1
534,1229,1
534,1254,1
534,1279,1
534,1286,1
534,1289,1
534,1294,1
534,1317,1
534,1320,1
534,1334,1
534,1339,1
534,1351,1
534,1353,1
534,1369,1
534,1382,1
534,1389,1
534,1421,1
534,1448,1
534,1466,1
534,1468,1
534,1474,1
534,1503,1
534,1511,1
534,1515,1
534,1517,1
534,1561,1
534,1569,1
534,1572,1
534,1582,1
534,1592,1
534,1625,1
534,1636,1
534,1647,1
534,1696,1
534,1700,1
534,1706,1
534,1708,1
534,1710,1
534,1721,1
534,1723,1
534,1731,1
534,1736,1
534,1739,1
534,1740,1
534,1745,1
534,1757,1
534,1787,1
534,1802,1
534,1803,1
534,1816,1
534,1825,1
534,1868,1
534,1891,1
534,1893,1
534,1895,1
534,1899,1
534,1902,1
534,1918,1
534,1922,1
534,1946,1
534,1996,1
534,1997,1
534,2000,1
534,2028,1
534,2035,1
534,2039,1
534,2040,1
534,2048,1
534,2051,1
534,2053,1
534,2073,1
534,2079,1
534,2080,1
534,2081,1
534,2096,1
534,2129,1
534,2158,1
534,2164,1
534,2165,1
534,2169,1
534,2181,1
534,2199,1
534,2212,1
534,2214,1
534,2220,1
534,2227,1
534,2230,1
534,2232,1
534,2246,1
534,2247,1
534,2252,1
534,2265,1
534,2283,1
534,2290,1
534,2357,1
534,2358,1
534,2383,1
534,2386,1
534,2393,1
534,2410,1
534,2438,1
534,2443,1
534,2444,1
534,2465,1
534,2468,1
534,2471,1
534,2481,1
534,2487,1
534,2491,1
534,2495,1
534,2502,1
534,2512,1
534,2522,1
534,2523,1
534,2531,1
534,2537,1
534,2554,1
534,2584,1
534,2601,1
534,2612,1
534,2614,1
534,2641,1
534,2658,1
534,2667,1
534,2682,1
534,2687,1
534,2708,1
534,2714,1
534,2720,1
534,2722,1
534,2773,1
534,2783,1
534,2833,1
534,2834,1
534,2840,1
534,2847,1
534,2848,1
534,2849,1
534,2852,1
534,2853,1
534,2854,1
534,2867,1
534,2872,1
534,2876,1
534,2877,1
534,2881,1
534,2883,1
534,2890,1
534,2898,1
534,2907,1
534,2912,1
534,2926,1
534,2935,1
534,2936,1
534,2960,1
534,2977,1
534,2987,1
534,2998,1
534,3003,1
534,3018,1
534,3021,1
534,3034,1
534,3042,1
534,3045,1
534,3065,1
534,3070,1
534,3083,1
534,3098,1
534,3130,1
534,3139,1
534,3146,1
534,3147,1
534,3157,1
534,3158,1
534,3161,1
534,3173,1
534,3197,1
534,3216,1
534,3219,1
534,3243,1
534,3244,1
534,3256,1
534,3260,1
534,3276,1
534,3277,1
534,3280,1
534,3314,1
534,3329,1
534,3335,1
534,3354,1
534,3408,1
534,3410,1
534,3414,1
534,3455,1
534,3487,1
534,3522,1
534,3559,1
534,3570,1
534,3581,1
534,3588,1
534,3596,1
534,3620,1
534,3635,1
534,3636,1
534,3646,1
534,3654,1
534,3655,1
534,3667,1
534,3673,1
534,3711,1
534,3719,1
534,3729,1
534,3735,1
534,3750,1
534,3770,1
534,3785,1
534,3792,1
534,3794,1
534,3802,1
534,3812,1
534,3826,1
534,3835,1
534,3848,1
534,3872,1
534,3926,1
534,3928,1
534,3930,1
534,3974,1
534,4005,1
534,4043,1
534,4048,1
534,4050,1
534,4051,1
534,4055,1
534,4065,1
534,4069,1
534,4073,1
534,4087,1
534,4118,1
534,4121,1
534,4122,1
534,4143,1
534,4145,1
534,4158,1
534,4187,1
534,4192,1
534,4228,1
534,4237,1
534,4242,1
534,4276,1
534,4290,1
534,4294,1
534,4295,1
534,4329,1
534,4336,1
534,4338,1
534,4361,1
534,4376,1
534,4381,1
534,4398,1
534,4418,1
534,4421,1
534,4422,1
534,4453,1
534,4476,1
534,4490,1
534,4513,1
534,4514,1
534,4525,1
534,4533,1
534,4536,1
534,4541,1
534,4561,1
534,4580,1
534,4593,1
534,4598,1
534,4601,1
534,4603,1
534,4611,1
534,4618,1
534,4630,1
534,4641,1
534,4678,1
534,4688,1
534,4698,1
534,4719,1
534,4735,1
534,4786,1
534,4810,1
534,4817,1
534,4828,1
534,4838,1
534,4845,1
534,4903,1
534,4904,1
534,4905,1
534,4907,1
534,4918,1
534,4926,1
534,4935,1
534,4956,1
534,4961,1
534,4967,1
534,4976,1
534,4977,1
534,4991,1
534,5006,1
534,5010,1
534,5015,1
534,5016,1
534,5024,1
534,5030,1
534,5050,1
534,5053,1
534,5056,1
534,5085,1
534,5086,1
534,5090,1
534,5109,1
534,5115,1
534,5125,1
534,5130,1
534,5152,1
534,5160,1
534,5166,1
534,5181,1
534,5205,1
534,5242,1
534,5248,1
534,5254,1
534,5279,1
534,5314,1
534,5348,1
534,5402,1
534,5406,1
534,5407,1
534,5411,1
534,5413,1
534,5422,1
534,5428,1
534,5431,1
534,5436,1
534,5437,1
534,5439,1
534,5449,1
534,5460,1
534,5498,1
534,5499,1
534,5503,1
534,5522,1
534,5525,1
534,5526,1
534,5535,1
534,5546,1
534,5582,1
534,5603,1
534,5623,1
534,5632,1
534,5638,1
534,5661,1
534,5667,1
534,5676,1
534,5683,1
534,5689,1
534,5705,1
534,5712,1
534,5727,1
534,5730,1
534,5735,1
534,5801,1
534,5802,1
534,5803,1
534,5809,1
534,5811,1
534,5813,1
534,5829,1
534,5843,1
534,5865,1
534,5883,1
534,5887,1
534,5889,1
534,5901,1
534,5910,1
534,5913,1
534,5948,1
534,5970,1
534,5982,1
534,5986,1
534,6002,1
534,6016,1
534,6017,1
534,6023,1
534,6024,1
534,6026,1
534,6033,1
534,6038,1
534,6061,1
534,6076,1
534,6078,1
534,6112,1
534,6120,1
534,6122,1
534,6140,1
534,6170,1
534,6172,1
534,6175,1
534,6193,1
534,6237,1
534,6324,1
534,6328,1
534,6341,1
534,6364,1
534,6377,1
534,6386,1
534,6390,1
534,6403,1
534,6415,1
534,6423,1
534,6434,1
534,6435,1
534,6443,1
534,6471,1
534,6500,1
534,6528,1
534,6569,1
534,6570,1
534,6608,1
534,6639,1
534,6647,1
534,6672,1
534,6694,1
534,6753,1
534,6768,1
534,6800,1
534,6803,1
534,6838,1
534,6877,1
534,6901,1
534,6907,1
534,6925,1
534,6948,1
534,6956,1
534,6968,1
534,6996,1
534,6998,1
534,7021,1
534,7042,1
534,7058,1
534,7067,1
534,7086,1
534,7104,1
534,7108,1
534,7137,1
534,7146,1
534,7152,1
534,7153,1
534,7160,1
534,7179,1
534,7197,1
534,7258,1
534,7407,1
534,7443,1
534,7444,1
534,7454,1
534,7457,1
534,7458,1
534,7484,1
534,7492,1
534,7521,1
534,7553,1
534,7576,1
534,7605,1
534,7782,1
534,7784,1
534,7890,1
534,7915,1
534,8005,1
534,8011,1
534,8032,1
534,8046,1
534,8051,1
534,8055,1
534,8081,1
534,8090,1
534,8096,1
534,8146,1
534,8150,1
534,8220,1
534,8352,1
534,8429,1
534,8513,1
534,8515,1
534,8576,1
534,8584,1
534,8590,1
534,8595,1
534,8701,1
534,8726,1
534,8727,1
534,8736,1
534,8738,1
534,8749,1
534,8768,1
534,8769,1
534,8808,1
534,8828,1
534,8841,1
534,8873,1
534,8874,1
534,9005,1
534,9062,1
534,9084,1
534,9085,1
534,9088,1
534,9092,1
534,9110,1
534,9126,1
534,9140,1
534,9232,1
534,9234,1
534,9245,1
534,9427,1
534,9452,1
534,9460,1
534,9496,1
534,9574,1
534,9576,1
534,9593,1
534,9599,1
534,9609,1
534,9758,1
534,9979,1
534,10021,1
534,10131,1
534,10234,1
534,11141,1
534,11214,1
534,11442,1
1185,6,0
1185,7,0
1185,9,0
1185,10,0
1185,13,0
1185,15,0
1185,17,0
1185,18,0
1185,21,0
1185,22,0
1185,23,0
1185,24,0
1185,28,0
1185,29,0
1185,30,0
1185,31,0
1185,35,0
1185,37,0
1185,39,0
1185,41,0
1185,42,0
1185,46,0
1185,49,0
1185,52,0
1185,53,0
1185,55,0
1185,62,0
1185,65,0
1185,73,0
1185,77,0
1185,80,0
1185,81,0
1185,84,0
1185,89,0
1185,92,0
1185,94,0
1185,95,0
1185,96,0
1185,97,0
1185,98,0
1185,101,0
1185,104,0
1185,105,0
1185,106,0
1185,109,0
1185,112,0
1185,114,0
1185,116,0
1185,117,0
1185,123,0
1185,124,0
1185,127,0
1185,130,0
1185,132,0
1185,134,0
1185,136,0
1185,140,0
1185,145,0
1185,147,0
1185,151,0
1185,153,0
1185,155,0
1185,156,0
1185,158,0
1185,161,0
1185,162,0
1185,163,0
1185,167,0
1185,168,0
1185,169,0
1185,174,0
1185,182,0
1185,184,0
1185,186,0
1185,197,0
1185,199,0
1185,202,0
1185,204,0
1185,209,0
1185,212,0
1185,213,0
1185,215,0
1185,216,0
1185,221,0
1185,227,0
1185,232,0
1185,235,0
1185,239,0
1185,240,0
1185,241,0
1185,244,0
1185,248,0
1185,249,0
1185,252,0
1185,253,0
1185,255,0
1185,256,0
1185,257,0
1185,258,0
1185,259,0
1185,260,0
1185,261,0
1185,264,0
1185,265,0
1185,266,0
1185,268,0
1185,269,0
1185,270,0
1185,274,0
1185,276,0
1185,277,0
1185,278,0
1185,279,0
1185,282,0
1185,283,0
1185,284,0
1185,290,0
1185,295,0
1185,296,0
1185,297,0
1185,298,0
1185,299,0
1185,300,0
1185,301,0
1185,304,0
1185,306,0
1185,309,0
1185,311,0
1185,313,0
1185,315,0
1185,317,0
1185,321,0
1185,324,0
1185,326,0
1185,328,0
1185,331,0
1185,334,0
1185,335,0
1185,338,0
1185,341,0
1185,345,0
1185,349,0
1185,350,0
1185,351,0
1185,352,0
1185,356,0
1185,361,0
1185,362,0
1185,367,0
1185,369,0
1185,371,0
1185,372,0
1185,373,0
1185,374,0
1185,376,0
1185,380,0
1185,381,0
1185,382,0
1185,386,0
1185,388,0
1185,391,0
1185,393,0
1185,394,0
1185,395,0
1185,397,0
1185,398,0
1185,400,0
1185,402,0
1185,404,0
1185,405,0
1185,406,0
1185,407,0
1185,408,0
1185,409,0
1185,410,0
1185,411,0
1185,413,0
1185,414,0
1185,415,0
1185,416,0
1185,418,0
1185,419,0
1185,420,0
1185,421,0
1185,423,0
1185,424,0
1185,426,0
1185,427,0
1185,428,0
1185,429,0
1185,430,0
1185,431,0
1185,432,0
1185,434,0
1185,436,0
1185,437,0
1185,438,0
1185,440,0
1185,441,0
1185,442,0
1185,443,0
1185,444,0
1185,448,0
1185,451,0
1185,453,0
1185,457,0
1185,459,0
1185,460,0
1185,462,0
1185,463,0
1185,464,0
1185,465,0
1185,466,0
1185,467,0
1185,468,0
1185,470,0
1185,471,0
1185,475,0
1185,478,0
1185,480,0
1185,481,0
1185,486,0
1185,487,0
1185,488,0
1185,491,0
1185,492,0
1185,493,0
1185,495,0
1185,497,0
1185,498,0
1185,499,0
1185,500,0
1185,501,0
1185,502,0
1185,504,0
1185,505,0
1185,506,0
1185,508,0
1185,510,0
1185,511,0
1185,512,0
1185,513,0
1185,514,0
1185,515,0
1185,516,0
1185,517,0
1185,518,0
1185,519,0
1185,520,0
1185,521,0
1185,524,0
1185,526,0
1185,529,0
1185,535,0
1185,536,0
1185,537,0
1185,539,0
1185,541,0
1185,545,0
1185,546,0
1185,547,0
1185,550,0
1185,551,0
1185,554,0
1185,557,0
1185,560,0
1185,561,0
1185,563,0
1185,564,0
1185,565,0
1185,566,0
1185,568,0
1185,570,0
1185,573,0
1185,574,0
1185,575,0
1185,576,0
1185,577,0
1185,578,0
1185,579,0
1185,580,0
1185,582,0
1185,583,0
1185,585,0
1185,586,0
1185,588,0
1185,589,0
1185,591,0
1185,592,0
1185,593,0
1185,594,0
1185,596,0
1185,598,0
1185,600,0
1185,601,0
1185,602,0
1185,603,0
1185,605,0
1185,606,0
1185,607,0
1185,608,0
1185,609,0
1185,613,0
1185,615,0
1185,616,0
1185,618,0
1185,621,0
1185,622,0
1185,625,0
1185,627,0
1185,628,0
1185,630,0
1185,632,0
1185,633,0
1185,634,0
1185,635,0
1185,636,0
1185,637,0
1185,638,0
1185,640,0
1185,641,0
1185,642,0
1185,643,0
1185,644,0
1185,645,0
1185,646,0
1185,647,0
1185,648,0
1185,650,0
1185,651,0
1185,652,0
1185,653,0
1185,654,0
1185,655,0
1185,658,0
1185,659,0
1185,660,0
1185,662,0
1185,663,0
1185,664,0
1185,665,0
1185,666,0
1185,667,0
1185,668,0
1185,671,0
1185,674,0
1185,675,0
1185,676,0
1185,677,0
1185,679,0
1185,681,0
1185,684,0
1185,685,0
1185,686,0
1185,688,0
1185,690,0
1185,691,0
1185,694,0
1185,697,0
1185,698,0
1185,699,0
1185,700,0
1185,702,0
1185,703,0
1185,709,0
1185,711,0
1185,713,0
1185,715,0
1185,731,0
1185,743,0
1185,748,0
1185,749,0
1185,750,0
1185,752,0
1185,754,0
1185,755,0
1185,757,0
1185,758,0
1185,759,0
1185,760,0
1185,761,0
1185,762,0
1185,764,0
1185,765,0
1185,766,0
1185,768,0
1185,769,0
1185,770,0
1185,771,0
1185,773,0
1185,776,0
1185,779,0
1185,780,0
1185,781,0
1185,782,0
1185,783,0
1185,800,0
1185,802,0
1185,803,0
1185,804,0
1185,805,0
1185,806,0
1185,807,0
1185,808,0
1185,809,0
1185,810,0
1185,811,0
1185,812,0
1185,814,0
1185,820,0
1185,822,0
1185,824,0
1185,825,0
1185,827,0
1185,831,0
1185,833,0
1185,837,0
1185,841,0
1185,843,0
1185,847,0
1185,848,0
1185,849,0
1185,850,0
1185,851,0
1185,853,0
1185,857,0
1185,858,0
1185,859,0
1185,861,0
1185,863,0
1185,866,0
1185,867,0
1185,872,0
1185,873,0
1185,874,0
1185,875,0
1185,877,0
1185,878,0
1185,879,0
1185,880,0
1185,881,0
1185,883,0
1185,884,0
1185,885,0
1185,886,0
1185,887,0
1185,889,0
1185,891,0
1185,892,0
1185,896,0
1185,897,0
1185,898,0
1185,899,0
1185,901,0
1185,902,0
1185,904,0
1185,905,0
1185,906,0
1185,908,0
1185,909,0
1185,912,0
1185,913,0
1185,914,0
1185,915,0
1185,917,0
1185,918,0
1185,919,0
1185,920,0
1185,922,0
1185,925,0
1185,926,0
1185,927,0
1185,928,0
1185,932,0
1185,933,0
1185,934,0
1185,936,0
1185,937,0
1185,938,0
1185,939,0
1185,940,0
1185,941,0
1185,942,0
1185,943,0
1185,945,0
1185,946,0
1185,947,0
1185,949,0
1185,950,0
1185,953,0
1185,954,0
1185,956,0
1185,959,0
1185,960,0
1185,961,0
1185,962,0
1185,963,0
1185,964,0
1185,966,0
1185,969,0
1185,970,0
1185,974,0
1185,976,0
1185,979,0
1185,981,0
1185,982,0
1185,984,0
1185,988,0
1185,989,0
1185,990,0
1185,991,0
1185,992,0
1185,995,0
1185,996,0
1185,997,0
1185,998,0
1185,1000,0
1185,1001,0
1185,1002,0
1185,1005,0
1185,1006,0
1185,1007,0
1185,1008,0
1185,1009,0
1185,1010,0
1185,1013,0
1185,1015,0
1185,1016,0
1185,1017,0
1185,1018,0
1185,1019,0
1185,1020,0
1185,1022,0
1185,1026,0
1185,1027,0
1185,1028,0
1185,1029,0
1185,1030,0
1185,1031,0
1185,1033,0
1185,1034,0
1185,1035,0
1185,1036,0
1185,1037,0
1185,1039,0
1185,1040,0
1185,1041,0
1185,1042,0
1185,1043,0
1185,1045,0
1185,1046,0
1185,1047,0
1185,1048,0
1185,1049,0
1185,1051,0
1185,1052,0
1185,1053,0
1185,1054,0
1185,1055,0
1185,1056,0
1185,1057,0
1185,1059,0
1185,1060,0
1185,1062,0
1185,1063,0
1185,1064,0
1185,1067,0
1185,1068,0
1185,1069,0
1185,1070,0
1185,1071,0
1185,1072,0
1185,1074,0
1185,1075,0
1185,1076,0
1185,1077,0
1185,1079,0
1185,1081,0
1185,1082,0
1185,1083,0
1185,1084,0
1185,1085,0
1185,1087,0
1185,1089,0
1185,1090,0
1185,1091,0
1185,1092,0
1185,1093,0
1185,1094,0
1185,1095,0
1185,1096,0
1185,1097,0
1185,1098,0
1185,1099,0
1185,1101,0
1185,1103,0
1185,1104,0
1185,1105,0
1185,1106,0
1185,1109,0
1185,1110,0
1185,1111,0
1185,1112,0
1185,1113,0
1185,1115,0
1185,1116,0
1185,1118,0
1185,1119,0
1185,1120,0
1185,1122,0
1185,1123,0
1185,1125,0
1185,1127,0
1185,1129,0
1185,1130,0
1185,1131,0
1185,1132,0
1185,1133,0
1185,1135,0
1185,1136,0
1185,1137,0
1185,1138,0
1185,1139,0
1185,1140,0
1185,1141,0
1185,1142,0
1185,1143,0
1185,1144,0
1185,1146,0
1185,1147,0
1185,1149,0
1185,1150,0
1185,1151,0
1185,1152,0
1185,1154,0
1185,1155,0
1185,1159,0
1185,1161,0
1185,1162,0
1185,1163,0
1185,1164,0
1185,1165,0
1185,1166,0
1185,1167,0
1185,1168,0
1185,1169,0
1185,1172,0
1185,1177,0
1185,1178,0
1185,1181,0
1185,1183,0
1185,1184,0
1185,1185,0
1185,1187,0
1185,1189,0
1185,1190,0
1185,1191,0
1185,1192,0
1185,1195,0
1185,1199,0
1185,1200,0
1185,1201,0
1185,1202,0
1185,1203,0
1185,1204,0
1185,1205,0
1185,1206,0
1185,1208,0
1185,1209,0
1185,1210,0
1185,1211,0
1185,1212,0
1185,1213,0
1185,1214,0
1185,1215,0
1185,1219,0
1185,1220,0
1185,1221,0
1185,1222,0
1185,1223,0
1185,1224,0
1185,1226,0
1185,1227,0
1185,1228,0
1185,1230,0
1185,1232,0
1185,1235,0
1185,1236,0
1185,1237,0
1185,1238,0
1185,1239,0
1185,1240,0
1185,1242,0
1185,1243,0
1185,1244,0
1185,1245,0
1185,1246,0
1185,1247,0
1185,1248,0
1185,1249,0
1185,1250,0
1185,1255,0
1185,1256,0
1185,1257,0
1185,1258,0
1185,1259,0
1185,1260,0
1185,1263,0
1185,1266,0
1185,1268,0
1185,1270,0
1185,1272,0
1185,1274,0
1185,1275,0
1185,1276,0
1185,1277,0
1185,1278,0
1185,1280,0
1185,1281,0
1185,1284,0
1185,1285,0
1185,1287,0
1185,1290,0
1185,1291,0
1185,1292,0
1185,1293,0
1185,1295,0
1185,1297,0
1185,1298,0
1185,1299,0
1185,1300,0
1185,1301,0
1185,1302,0
1185,1303,0
1185,1304,0
1185,1306,0
1185,1307,0
1185,1308,0
1185,1309,0
1185,1310,0
1185,1311,0
1185,1312,0
1185,1315,0
1185,1322,0
1185,1324,0
1185,1326,0
1185,1327,0
1185,1329,0
1185,1330,0
1185,1331,0
1185,1332,0
1185,1335,0
1185,1336,0
1185,1337,0
1185,1338,0
1185,1340,0
1185,1341,0
1185,1342,0
1185,1343,0
1185,1345,0
1185,1346,0
1185,1347,0
1185,1348,0
1185,1349,0
1185,1350,0
1185,1352,0
1185,1355,0
1185,1356,0
1185,1357,0
1185,1358,0
1185,1359,0
1185,1361,0
1185,1364,0
1185,1365,0
1185,1366,0
1185,1367,0
1185,1368,0
1185,1370,0
1185,1371,0
1185,1372,0
1185,1373,0
1185,1374,0
1185,1375,0
1185,1376,0
1185,1377,0
1185,1378,0
1185,1379,0
1185,1380,0
1185,1384,0
1185,1385,0
1185,1386,0
1185,1387,0
1185,1390,0
1185,1392,0
1185,1393,0
1185,1394,0
1185,1395,0
1185,1396,0
1185,1397,0
1185,1398,0
1185,1401,0
1185,1402,0
1185,1404,0
1185,1405,0
1185,1406,0
1185,1407,0
1185,1408,0
1185,1409,0
1185,1410,0
1185,1411,0
1185,1412,0
1185,1413,0
1185,1415,0
1185,1416,0
1185,1417,0
1185,1418,0
1185,1419,0
1185,1420,0
1185,1422,0
1185,1426,0
1185,1427,0
1185,1428,0
1185,1429,0
1185,1430,0
1185,1432,0
1185,1433,0
1185,1435,0
1185,1436,0
1185,1437,0
1185,1438,0
1185,1439,0
1185,1440,0
1185,1441,0
1185,1442,0
1185,1444,0
1185,1445,0
1185,1446,0
1185,1447,0
1185,1449,0
1185,1450,0
1185,1451,0
1185,1452,0
1185,1453,0
1185,1455,0
1185,1456,0
1185,1457,0
1185,1458,0
1185,1459,0
1185,1460,0
1185,1461,0
1185,1462,0
1185,1463,0
1185,1464,0
1185,1465,0
1185,1467,0
1185,1469,0
1185,1470,0
1185,1472,0
1185,1475,0
1185,1476,0
1185,1478,0
1185,1479,0
1185,1480,0
1185,1482,0
1185,1484,0
1185,1485,0
1185,1486,0
1185,1489,0
1185,1490,0
1185,1492,0
1185,1493,0
1185,1495,0
1185,1496,0
1185,1497,0
1185,1498,0
1185,1500,0
1185,1502,0
1185,1504,0
1185,1505,0
1185,1508,0
1185,1509,0
1185,1510,0
1185,1512,0
1185,1513,0
1185,1514,0
1185,1516,0
1185,1518,0
1185,1519,0
1185,1520,0
1185,1522,0
1185,1523,0
1185,1524,0
1185,1525,0
1185,1527,0
1185,1528,0
1185,1529,0
1185,1530,0
1185,1531,0
1185,1532,0
1185,1534,0
1185,1535,0
1185,1537,0
1185,1539,0
1185,1541,0
1185,1542,0
1185,1543,0
1185,1544,0
1185,1545,0
1185,1546,0
1185,1547,0
1185,1548,0
1185,1549,0
1185,1550,0
1185,1551,0
1185,1552,0
1185,1553,0
1185,1554,0
1185,1555,0
1185,1556,0
1185,1557,0
1185,1558,0
1185,1559,0
1185,1560,0
1185,1562,0
1185,1563,0
1185,1564,0
1185,1565,0
1185,1566,0
1185,1567,0
1185,1568,0
1185,1570,0
1185,1571,0
1185,1573,0
1185,1575,0
1185,1576,0
1185,1578,0
1185,1579,0
1185,1580,0
1185,1581,0
1185,1583,0
1185,1584,0
1185,1585,0
1185,1588,0
1185,1589,0
1185,1590,0
1185,1591,0
1185,1593,0
1185,1594,0
1185,1597,0
1185,1598,0
1185,1599,0
1185,1600,0
1185,1601,0
1185,1602,0
1185,1603,0
1185,1604,0
1185,1605,0
1185,1606,0
1185,1607,0
1185,1609,0
1185,1611,0
1185,1612,0
1185,1613,0
1185,1616,0
1185,1617,0
1185,1618,0
1185,1620,0
1185,1621,0
1185,1623,0
1185,1624,0
1185,1626,0
1185,1628,0
1185,1631,0
1185,1633,0
1185,1634,0
1185,1635,0
1185,1641,0
1185,1642,0
1185,1643,0
1185,1644,0
1185,1645,0
1185,1646,0
1185,1649,0
1185,1650,0
1185,1651,0
1185,1652,0
1185,1653,0
1185,1654,0
1185,1655,0
1185,1656,0
1185,1657,0
1185,1658,0
1185,1660,0
1185,1661,0
1185,1662,0
1185,1665,0
1185,1666,0
1185,1667,0
1185,1669,0
1185,1670,0
1185,1672,0
1185,1674,0
1185,1677,0
1185,1680,0
1185,1682,0
1185,1685,0
1185,1686,0
1185,1687,0
1185,1688,0
1185,1689,0
1185,1691,0
1185,1692,0
1185,1693,0
1185,1694,0
1185,1695,0
1185,1697,0
1185,1698,0
1185,1702,0
1185,1703,0
1185,1704,0
1185,1705,0
1185,1707,0
1185,1709,0
1185,1712,0
1185,1713,0
1185,1715,0
1185,1716,0
1185,1718,0
1185,1719,0
1185,1720,0
1185,1722,0
1185,1724,0
1185,1725,0
1185,1728,0
1185,1732,0
1185,1733,0
1185,1734,0
1185,1735,0
1185,1737,0
1185,1738,0
1185,1742,0
1185,1743,0
1185,1744,0
1185,1747,0
1185,1748,0
1185,1749,0
1185,1750,0
1185,1751,0
1185,1752,0
1185,1753,0
1185,1754,0
1185,1755,0
1185,1758,0
1185,1759,0
1185,1760,0
1185,1761,0
1185,1763,0
1185,1765,0
1185,1766,0
1185,1767,0
1185,1769,0
1185,1770,0
1185,1771,0
1185,1774,0
1185,1775,0
1185,1776,0
1185,1777,0
1185,1778,0
1185,1779,0
1185,1780,0
1185,1781,0
1185,1782,0
1185,1783,0
1185,1784,0
1185,1785,0
1185,1786,0
1185,1788,0
1185,1789,0
1185,1790,0
1185,1791,0
1185,1793,0
1185,1794,0
1185,1795,0
1185,1797,0
1185,1798,0
1185,1799,0
1185,1800,0
1185,1801,0
1185,1804,0
1185,1805,0
1185,1808,0
1185,1809,0
1185,1811,0
1185,1812,0
1185,1813,0
1185,1814,0
1185,1815,0
1185,1817,0
1185,1818,0
1185,1819,0
1185,1820,0
1185,1822,0
1185,1823,0
1185,1824,0
1185,1826,0
1185,1827,0
1185,1828,0
1185,1829,0
1185,1830,0
1185,1831,0
1185,1832,0
1185,1833,0
1185,1834,0
1185,1835,0
1185,1836,0
1185,1837,0
1185,1838,0
1185,1839,0
1185,1840,0
1185,1841,0
1185,1842,0
1185,1843,0
1185,1844,0
1185,1845,0
1185,1846,0
1185,1847,0
1185,1848,0
1185,1849,0
1185,1850,0
1185,1851,0
1185,1852,0
1185,1853,0
1185,1854,0
1185,1855,0
1185,1856,0
1185,1857,0
1185,1858,0
1185,1859,0
1185,1861,0
1185,1862,0
1185,1863,0
1185,1864,0
1185,1865,0
1185,1866,0
1185,1867,0
1185,1870,0
1185,1871,0
1185,1872,0
1185,1873,0
1185,1875,0
1185,1876,0
1185,1877,0
1185,1879,0
1185,1880,0
1185,1881,0
1185,1882,0
1185,1883,0
1185,1884,0
1185,1885,0
1185,1886,0
1185,1887,0
1185,1888,0
1185,1889,0
1185,1890,0
1185,1894,0
1185,1896,0
1185,1897,0
1185,1898,0
1185,1900,0
1185,1901,0
1185,1904,0
1185,1905,0
1185,1906,0
1185,1907,0
1185,1909,0
1185,1910,0
1185,1911,0
1185,1913,0
1185,1914,0
1185,1915,0
1185,1916,0
1185,1917,0
1185,1919,0
1185,1920,0
1185,1925,0
1185,1926,0
1185,1927,0
1185,1929,0
1185,1930,0
1185,1931,0
1185,1932,0
1185,1933,0
1185,1934,0
1185,1935,0
1185,1937,0
1185,1938,0
1185,1940,0
1185,1941,0
1185,1943,0
1185,1944,0
1185,1945,0
1185,1947,0
1185,1948,0
1185,1949,0
1185,1950,0
1185,1951,0
1185,1952,0
1185,1954,0
1185,1955,0
1185,1956,0
1185,1957,0
1185,1959,0
1185,1960,0
1185,1961,0
1185,1962,0
1185,1963,0
1185,1965,0
1185,1966,0
1185,1967,0
1185,1970,0
1185,1972,0
1185,1973,0
1185,1974,0
1185,1975,0
1185,1976,0
1185,1977,0
1185,1978,0
1185,1980,0
1185,1981,0
1185,1982,0
1185,1984,0
1185,1985,0
1185,1988,0
1185,1989,0
1185,1990,0
1185,1991,0
1185,1992,0
1185,1994,0
1185,1995,0
1185,1998,0
1185,1999,0
1185,2001,0
1185,2002,0
1185,2004,0
1185,2005,0
1185,2007,0
1185,2008,0
1185,2009,0
1185,2010,0
1185,2011,0
1185,2012,0
1185,2014,0
1185,2015,0
1185,2017,0
1185,2019,0
1185,2021,0
1185,2023,0
1185,2024,0
1185,2025,0
1185,2026,0
1185,2027,0
1185,2029,0
1185,2030,0
1185,2031,0
1185,2032,0
1185,2033,0
1185,2034,0
1185,2036,0
1185,2037,0
1185,2038,0
1185,2041,0
1185,2042,0
1185,2043,0
1185,2044,0
1185,2045,0
1185,2047,0
1185,2049,0
1185,2050,0
1185,2055,0
1185,2057,0
1185,2059,0
1185,2060,0
1185,2061,0
1185,2063,0
1185,2064,0
1185,2065,0
1185,2066,0
1185,2067,0
1185,2068,0
1185,2069,0
1185,2070,0
1185,2071,0
1185,2072,0
1185,2074,0
1185,2076,0
1185,2077,0
1185,2078,0
1185,2083,0
1185,2084,0
1185,2085,0
1185,2087,0
1185,2089,0
1185,2090,0
1185,2091,0
1185,2092,0
1185,2093,0
1185,2095,0
1185,2097,0
1185,2098,0
1185,2099,0
1185,2100,0
1185,2103,0
1185,2104,0
1185,2105,0
1185,2106,0
1185,2107,0
1185,2108,0
1185,2109,0
1185,2110,0
1185,2111,0
1185,2112,0
1185,2115,0
1185,2116,0
1185,2117,0
1185,2119,0
1185,2120,0
1185,2121,0
1185,2124,0
1185,2125,0
1185,2126,0
1185,2127,0
1185,2128,0
1185,2130,0
1185,2132,0
1185,2133,0
1185,2134,0
1185,2136,0
1185,2139,0
1185,2140,0
1185,2141,0
1185,2142,0
1185,2143,0
1185,2144,0
1185,2145,0
1185,2148,0
1185,2149,0
1185,2150,0
1185,2151,0
1185,2152,0
1185,2153,0
1185,2154,0
1185,2156,0
1185,2157,0
1185,2159,0
1185,2161,0
1185,2162,0
1185,2163,0
1185,2166,0
1185,2167,0
1185,2168,0
1185,2170,0
1185,2171,0
1185,2172,0
1185,2173,0
1185,2174,0
1185,2175,0
1185,2176,0
1185,2178,0
1185,2180,0
1185,2182,0
1185,2183,0
1185,2184,0
1185,2185,0
1185,2186,0
1185,2187,0
1185,2188,0
1185,2189,0
1185,2190,0
1185,2191,0
1185,2192,0
1185,2193,0
1185,2194,0
1185,2196,0
1185,2197,0
1185,2198,0
1185,2201,0
1185,2203,0
1185,2204,0
1185,2205,0
1185,2206,0
1185,2207,0
1185,2208,0
1185,2209,0
1185,2210,0
1185,2211,0
1185,2213,0
1185,2215,0
1185,2216,0
1185,2217,0
1185,2219,0
1185,2221,0
1185,2222,0
1185,2223,0
1185,2224,0
1185,2225,0
1185,2226,0
1185,2228,0
1185,2229,0
1185,2231,0
1185,2234,0
1185,2235,0
1185,2236,0
1185,2237,0
1185,2239,0
1185,2241,0
1185,2242,0
1185,2243,0
1185,2244,0
1185,2245,0
1185,2249,0
1185,2250,0
1185,2251,0
1185,2254,0
1185,2257,0
1185,2259,0
1185,2260,0
1185,2261,0
1185,2262,0
1185,2264,0
1185,2266,0
1185,2269,0
1185,2272,0
1185,2273,0
1185,2274,0
1185,2275,0
1185,2276,0
1185,2278,0
1185,2279,0
1185,2280,0
1185,2285,0
1185,2287,0
1185,2288,0
1185,2330,0
1185,2332,0
1185,2333,0
1185,2334,0
1185,2335,0
1185,2336,0
1185,2339,0
1185,2340,0
1185,2342,0
1185,2343,0
1185,2344,0
1185,2345,0
1185,2346,0
1185,2347,0
1185,2348,0
1185,2349,0
1185,2350,0
1185,2352,0
1185,2353,0
1185,2354,0
1185,2359,0
1185,2360,0
1185,2361,0
1185,2362,0
1185,2364,0
1185,2365,0
1185,2366,0
1185,2367,0
1185,2368,0
1185,2369,0
1185,2371,0
1185,2372,0
1185,2373,0
1185,2374,0
1185,2375,0
1185,2376,0
1185,2378,0
1185,2380,0
1185,2381,0
1185,2382,0
1185,2385,0
1185,2387,0
1185,2388,0
1185,2389,0
1185,2390,0
1185,2391,0
1185,2392,0
1185,2394,0
1185,2395,0
1185,2396,0
1185,2397,0
1185,2398,0
1185,2399,0
1185,2400,0
1185,2401,0
1185,2402,0
1185,2404,0
1185,2405,0
1185,2406,0
1185,2407,0
1185,2408,0
1185,2409,0
1185,2411,0
1185,2413,0
1185,2414,0
1185,2415,0
1185,2417,0
1185,2418,0
1185,2419,0
1185,2420,0
1185,2421,0
1185,2422,0
1185,2423,0
1185,2424,0
1185,2425,0
1185,2427,0
1185,2428,0
1185,2429,0
1185,2430,0
1185,2431,0
1185,2432,0
1185,2433,0
1185,2434,0
1185,2435,0
1185,2436,0
1185,2437,0
1185,2439,0
1185,2440,0
1185,2441,0
1185,2445,0
1185,2446,0
1185,2447,0
1185,2448,0
1185,2449,0
1185,2450,0
1185,2451,0
1185,2453,0
1185,2454,0
1185,2455,0
1185,2456,0
1185,2457,0
1185,2458,0
1185,2459,0
1185,2460,0
1185,2461,0
1185,2462,0
1185,2463,0
1185,2464,0
1185,2466,0
1185,2467,0
1185,2469,0
1185,2470,0
1185,2472,0
1185,2473,0
1185,2474,0
1185,2475,0
1185,2476,0
1185,2477,0
1185,2479,0
1185,2480,0
1185,2483,0
1185,2484,0
1185,2486,0
1185,2488,0
1185,2489,0
1185,2490,0
1185,2493,0
1185,2496,0
1185,2497,0
1185,2498,0
1185,2499,0
1185,2500,0
1185,2501,0
1185,2503,0
1185,2504,0
1185,2505,0
1185,2508,0
1185,2509,0
1185,2510,0
1185,2511,0
1185,2513,0
1185,2514,0
1185,2515,0
1185,2517,0
1185,2518,0
1185,2520,0
1185,2521,0
1185,2524,0
1185,2525,0
1185,2526,0
1185,2528,0
1185,2529,0
1185,2530,0
1185,2532,0
1185,2533,0
1185,2534,0
1185,2535,0
1185,2536,0
1185,2538,0
1185,2540,0
1185,2542,0
1185,2543,0
1185,2544,0
1185,2545,0
1185,2546,0
1185,2547,0
1185,2549,0
1185,2551,0
1185,2553,0
1185,2555,0
1185,2556,0
1185,2558,0
1185,2559,0
1185,2560,0
1185,2561,0
1185,2562,0
1185,2563,0
1185,2564,0
1185,2565,0
1185,2566,0
1185,2567,0
1185,2568,0
1185,2569,0
1185,2570,0
1185,2571,0
1185,2572,0
1185,2573,0
1185,2574,0
1185,2575,0
1185,2576,0
1185,2577,0
1185,2579,0
1185,2580,0
1185,2581,0
1185,2583,0
1185,2585,0
1185,2588,0
1185,2589,0
1185,2591,0
1185,2592,0
1185,2593,0
1185,2594,0
1185,2595,0
1185,2596,0
1185,2597,0
1185,2598,0
1185,2599,0
1185,2600,0
1185,2602,0
1185,2603,0
1185,2604,0
1185,2605,0
1185,2606,0
1185,2608,0
1185,2609,0
1185,2613,0
1185,2617,0
1185,2618,0
1185,2620,0
1185,2621,0
1185,2622,0
1185,2623,0
1185,2624,0
1185,2625,0
1185,2626,0
1185,2627,0
1185,2628,0
1185,2629,0
1185,2632,0
1185,2633,0
1185,2634,0
1185,2635,0
1185,2637,0
1185,2638,0
1185,2642,0
1185,2643,0
1185,2644,0
1185,2645,0
1185,2647,0
1185,2648,0
1185,2649,0
1185,2650,0
1185,2652,0
1185,2653,0
1185,2655,0
1185,2656,0
1185,2657,0
1185,2659,0
1185,2660,0
1185,2661,0
1185,2662,0
1185,2663,0
1185,2664,0
1185,2665,0
1185,2668,0
1185,2669,0
1185,2670,0
1185,2672,0
1185,2673,0
1185,2674,0
1185,2675,0
1185,2676,0
1185,2678,0
1185,2679,0
1185,2680,0
1185,2681,0
1185,2685,0
1185,2686,0
1185,2688,0
1185,2689,0
1185,2703,0
1185,2704,0
1185,2705,0
1185,2706,0
1185,2707,0
1185,2709,0
1185,2710,0
1185,2711,0
1185,2712,0
1185,2713,0
1185,2716,0
1185,2718,0
1185,2719,0
1185,2721,0
1185,2723,0
1185,2724,0
1185,2725,0
1185,2726,0
1185,2728,0
1185,2729,0
1185,2733,0
1185,2735,0
1185,2737,0
1185,2739,0
1185,2741,0
1185,2743,0
1185,2745,0
1185,2747,0
1185,2749,0
1185,2751,0
1185,2753,0
1185,2757,0
1185,2759,0
1185,2761,0
1185,2763,0
1185,2765,0
1185,2769,0
1185,2775,0
1185,2777,0
1185,2779,0
1185,2781,0
1185,2785,0
1185,2787,0
1185,2789,0
1185,2793,0
1185,2795,0
1185,2797,0
1185,2799,0
1185,2803,0
1185,2805,0
1185,2809,0
1185,2813,0
1185,2817,0
1185,2819,0
1185,2821,0
1185,2823,0
1185,2825,0
1185,2827,0
1185,2829,0
1185,2830,0
1185,2831,0
1185,2835,0
1185,2836,0
1185,2837,0
1185,2838,0
1185,2839,0
1185,2841,0
1185,2842,0
1185,2843,0
1185,2844,0
1185,2845,0
1185,2846,0
1185,2850,0
1185,2855,0
1185,2856,0
1185,2857,0
1185,2859,0
1185,2861,0
1185,2862,0
1185,2864,0
1185,2865,0
1185,2866,0
1185,2869,0
1185,2871,0
1185,2873,0
1185,2874,0
1185,2875,0
1185,2879,0
1185,2880,0
1185,2882,0
1185,2884,0
1185,2885,0
1185,2887,0
1185,2888,0
1185,2892,0
1185,2893,0
1185,2894,0
1185,2895,0
1185,2896,0
1185,2897,0
1185,2900,0
1185,2901,0
1185,2902,0
1185,2903,0
1185,2904,0
1185,2905,0
1185,2906,0
1185,2908,0
1185,2909,0
1185,2911,0
1185,2913,0
1185,2914,0
1185,2915,0
1185,2916,0
1185,2917,0
1185,2918,0
1185,2919,0
1185,2920,0
1185,2921,0
1185,2922,0
1185,2923,0
1185,2924,0
1185,2925,0
1185,2927,0
1185,2929,0
1185,2932,0
1185,2933,0
1185,2934,0
1185,2938,0
1185,2940,0
1185,2941,0
1185,2942,0
1185,2943,0
1185,2944,0
1185,2945,0
1185,2946,0
1185,2947,0
1185,2948,0
1185,2949,0
1185,2950,0
1185,2951,0
1185,2952,0
1185,2953,0
1185,2956,0
1185,2957,0
1185,2958,0
1185,2961,0
1185,2962,0
1185,2963,0
1185,2964,0
1185,2965,0
1185,2966,0
1185,2967,0
1185,2969,0
1185,2970,0
1185,2971,0
1185,2972,0
1185,2973,0
1185,2974,0
1185,2975,0
1185,2978,0
1185,2979,0
1185,2980,0
1185,2981,0
1185,2982,0
1185,2983,0
1185,2984,0
1185,2985,0
1185,2986,0
1185,2988,0
1185,2989,0
1185,2991,0
1185,2992,0
1185,2993,0
1185,2995,0
1185,2999,0
1185,3000,0
1185,3001,0
1185,3002,0
1185,3004,0
1185,3006,0
1185,3007,0
1185,3008,0
1185,3009,0
1185,3010,0
1185,3011,0
1185,3012,0
1185,3013,0
1185,3014,0
1185,3016,0
1185,3017,0
1185,3019,0
1185,3020,0
1185,3022,0
1185,3023,0
1185,3024,0
1185,3025,0
1185,3026,0
1185,3027,0
1185,3028,0
1185,3029,0
1185,3032,0
1185,3035,0
1185,3036,0
1185,3037,0
1185,3038,0
1185,3039,0
1185,3040,0
1185,3041,0
1185,3043,0
1185,3044,0
1185,3046,0
1185,3048,0
1185,3049,0
1185,3052,0
1185,3053,0
1185,3054,0
1185,3055,0
1185,3056,0
1185,3057,0
1185,3058,0
1185,3059,0
1185,3060,0
1185,3062,0
1185,3063,0
1185,3064,0
1185,3067,0
1185,3069,0
1185,3071,0
1185,3072,0
1185,3073,0
1185,3074,0
1185,3076,0
1185,3077,0
1185,3079,0
1185,3080,0
1185,3081,0
1185,3082,0
1185,3084,0
1185,3086,0
1185,3087,0
1185,3088,0
1185,3089,0
1185,3090,0
1185,3091,0
1185,3092,0
1185,3093,0
1185,3094,0
1185,3095,0
1185,3096,0
1185,3097,0
1185,3102,0
1185,3103,0
1185,3104,0
1185,3105,0
1185,3106,0
1185,3107,0
1185,3108,0
1185,3109,0
1185,3110,0
1185,3111,0
1185,3112,0
1185,3114,0
1185,3115,0
1185,3116,0
1185,3119,0
1185,3120,0
1185,3121,0
1185,3122,0
1185,3123,0
1185,3124,0
1185,3125,0
1185,3126,0
1185,3129,0
1185,3131,0
1185,3132,0
1185,3133,0
1185,3134,0
1185,3135,0
1185,3136,0
1185,3137,0
1185,3138,0
1185,3141,0
1185,3143,0
1185,3144,0
1185,3145,0
1185,3148,0
1185,3149,0
1185,3150,0
1185,3151,0
1185,3152,0
1185,3154,0
1185,3155,0
1185,3156,0
1185,3162,0
1185,3163,0
1185,3164,0
1185,3165,0
1185,3166,0
1185,3167,0
1185,3168,0
1185,3169,0
1185,3170,0
1185,3171,0
1185,3172,0
1185,3174,0
1185,3175,0
1185,3177,0
1185,3179,0
1185,3180,0
1185,3181,0
1185,3182,0
1185,3183,0
1185,3184,0
1185,3185,0
1185,3186,0
1185,3187,0
1185,3188,0
1185,3189,0
1185,3190,0
1185,3191,0
1185,3192,0
1185,3193,0
1185,3194,0
1185,3195,0
1185,3198,0
1185,3200,0
1185,3201,0
1185,3202,0
1185,3203,0
1185,3204,0
1185,3205,0
1185,3206,0
1185,3207,0
1185,3208,0
1185,3209,0
1185,3210,0
1185,3211,0
1185,3212,0
1185,3213,0
1185,3214,0
1185,3215,0
1185,3217,0
1185,3220,0
1185,3221,0
1185,3222,0
1185,3223,0
1185,3224,0
1185,3225,0
1185,3226,0
1185,3227,0
1185,3228,0
1185,3230,0
1185,3231,0
1185,3232,0
1185,3233,0
1185,3235,0
1185,3236,0
1185,3237,0
1185,3239,0
1185,3240,0
1185,3241,0
1185,3246,0
1185,3247,0
1185,3251,0
1185,3253,0
1185,3257,0
1185,3258,0
1185,3259,0
1185,3261,0
1185,3262,0
1185,3263,0
1185,3264,0
1185,3265,0
1185,3267,0
1185,3268,0
1185,3270,0
1185,3271,0
1185,3272,0
1185,3273,0
1185,3274,0
1185,3275,0
1185,3278,0
1185,3279,0
1185,3281,0
1185,3282,0
1185,3283,0
1185,3286,0
1185,3288,0
1185,3289,0
1185,3290,0
1185,3291,0
1185,3292,0
1185,3293,0
1185,3294,0
1185,3295,0
1185,3296,0
1185,3297,0
1185,3298,0
1185,3299,0
1185,3300,0
1185,3301,0
1185,3302,0
1185,3303,0
1185,3305,0
1185,3306,0
1185,3307,0
1185,3308,0
1185,3311,0
1185,3312,0
1185,3313,0
1185,3315,0
1185,3317,0
1185,3318,0
1185,3319,0
1185,3320,0
1185,3321,0
1185,3323,0
1185,3324,0
1185,3325,0
1185,3326,0
1185,3328,0
1185,3330,0
1185,3331,0
1185,3332,0
1185,3333,0
1185,3334,0
1185,3336,0
1185,3337,0
1185,3339,0
1185,3340,0
1185,3341,0
1185,3343,0
1185,3344,0
1185,3345,0
1185,3346,0
1185,3349,0
1185,3350,0
1185,3351,0
1185,3352,0
1185,3353,0
1185,3355,0
1185,3356,0
1185,3358,0
1185,3359,0
1185,3361,0
1185,3362,0
1185,3363,0
1185,3364,0
1185,3366,0
1185,3367,0
1185,3368,0
1185,3369,0
1185,3370,0
1185,3371,0
1185,3373,0
1185,3375,0
1185,3376,0
1185,3377,0
1185,3378,0
1185,3379,0
1185,3380,0
1185,3381,0
1185,3382,0
1185,3383,0
1185,3384,0
1185,3385,0
1185,3386,0
1185,3387,0
1185,3388,0
1185,3389,0
1185,3390,0
1185,3392,0
1185,3393,0
1185,3394,0
1185,3396,0
1185,3397,0
1185,3398,0
1185,3399,0
1185,3400,0
1185,3401,0
1185,3402,0
1185,3403,0
1185,3404,0
1185,3405,0
1185,3406,0
1185,3407,0
1185,3409,0
1185,3411,0
1185,3412,0
1185,3413,0
1185,3415,0
1185,3416,0
1185,3417,0
1185,3418,0
1185,3420,0
1185,3421,0
1185,3422,0
1185,3423,0
1185,3424,0
1185,3425,0
1185,3450,0
1185,3451,0
1185,3453,0
1185,3454,0
1185,3456,0
1185,3457,0
1185,3458,0
1185,3460,0
1185,3462,0
1185,3463,0
1185,3464,0
1185,3465,0
1185,3466,0
1185,3468,0
1185,3469,0
1185,3470,0
1185,3471,0
1185,3472,0
1185,3473,0
1185,3474,0
1185,3475,0
1185,3477,0
1185,3478,0
1185,3479,0
1185,3480,0
1185,3482,0
1185,3483,0
1185,3484,0
1185,3485,0
1185,3486,0
1185,3488,0
1185,3490,0
1185,3491,0
1185,3492,0
1185,3493,0
1185,3495,0
1185,3496,0
1185,3497,0
1185,3498,0
1185,3499,0
1185,3500,0
1185,3501,0
1185,3502,0
1185,3503,0
1185,3504,0
1185,3505,0
1185,3506,0
1185,3507,0
1185,3508,0
1185,3509,0
1185,3510,0
1185,3511,0
1185,3513,0
1185,3514,0
1185,3515,0
1185,3516,0
1185,3517,0
1185,3518,0
1185,3519,0
1185,3520,0
1185,3521,0
1185,3524,0
1185,3525,0
1185,3526,0
1185,3527,0
1185,3528,0
1185,3529,0
1185,3530,0
1185,3531,0
1185,3532,0
1185,3533,0
1185,3535,0
1185,3537,0
1185,3540,0
1185,3541,0
1185,3542,0
1185,3543,0
1185,3544,0
1185,3545,0
1185,3548,0
1185,3549,0
1185,3550,0
1185,3552,0
1185,3553,0
1185,3554,0
1185,3555,0
1185,3556,0
1185,3557,0
1185,3558,0
1185,3560,0
1185,3561,0
1185,3562,0
1185,3563,0
1185,3564,0
1185,3565,0
1185,3566,0
1185,3567,0
1185,3568,0
1185,3569,0
1185,3571,0
1185,3573,0
1185,3575,0
1185,3576,0
1185,3577,0
1185,3578,0
1185,3580,0
1185,3582,0
1185,3583,0
1185,3585,0
1185,3586,0
1185,3587,0
1185,3589,0
1185,3590,0
1185,3591,0
1185,3592,0
1185,3593,0
1185,3594,0
1185,3595,0
1185,3597,0
1185,3599,0
1185,3600,0
1185,3601,0
1185,3603,0
1185,3605,0
1185,3606,0
1185,3607,0
1185,3608,0
1185,3609,0
1185,3610,0
1185,3611,0
1185,3612,0
1185,3613,0
1185,3614,0
1185,3615,0
1185,3616,0
1185,3617,0
1185,3618,0
1185,3619,0
1185,3621,0
1185,3622,0
1185,3623,0
1185,3625,0
1185,3626,0
1185,3627,0
1185,3628,0
1185,3629,0
1185,3630,0
1185,3631,0
1185,3632,0
1185,3633,0
1185,3634,0
1185,3638,0
1185,3639,0
1185,3640,0
1185,3642,0
1185,3643,0
1185,3644,0
1185,3645,0
1185,3648,0
1185,3649,0
1185,3650,0
1185,3651,0
1185,3652,0
1185,3653,0
1185,3657,0
1185,3659,0
1185,3660,0
1185,3661,0
1185,3662,0
1185,3664,0
1185,3665,0
1185,3666,0
1185,3669,0
1185,3670,0
1185,3672,0
1185,3675,0
1185,3676,0
1185,3677,0
1185,3680,0
1185,3681,0
1185,3682,0
1185,3684,0
1185,3685,0
1185,3686,0
1185,3687,0
1185,3690,0
1185,3691,0
1185,3692,0
1185,3693,0
1185,3694,0
1185,3695,0
1185,3696,0
1185,3697,0
1185,3698,0
1185,3699,0
1185,3700,0
1185,3701,0
1185,3703,0
1185,3704,0
1185,3705,0
1185,3706,0
1185,3708,0
1185,3709,0
1185,3710,0
1185,3712,0
1185,3713,0
1185,3714,0
1185,3715,0
1185,3716,0
1185,3717,0
1185,3718,0
1185,3720,0
1185,3721,0
1185,3722,0
1185,3723,0
1185,3724,0
1185,3725,0
1185,3726,0
1185,3727,0
1185,3728,0
1185,3730,0
1185,3731,0
1185,3732,0
1185,3733,0
1185,3734,0
1185,3738,0
1185,3740,0
1185,3741,0
1185,3742,0
1185,3743,0
1185,3744,0
1185,3745,0
1185,3746,0
1185,3747,0
1185,3748,0
1185,3749,0
1185,3751,0
1185,3752,0
1185,3753,0
1185,3754,0
1185,3755,0
1185,3756,0
1185,3757,0
1185,3758,0
1185,3759,0
1185,3760,0
1185,3761,0
1185,3762,0
1185,3763,0
1185,3764,0
1185,3765,0
1185,3766,0
1185,3768,0
1185,3769,0
1185,3771,0
1185,3772,0
1185,3773,0
1185,3774,0
1185,3775,0
1185,3776,0
1185,3777,0
1185,3778,0
1185,3779,0
1185,3780,0
1185,3781,0
1185,3782,0
1185,3783,0
1185,3784,0
1185,3786,0
1185,3788,0
1185,3789,0
1185,3790,0
1185,3791,0
1185,3793,0
1185,3795,0
1185,3796,0
1185,3797,0
1185,3798,0
1185,3799,0
1185,3800,0
1185,3801,0
1185,3803,0
1185,3804,0
1185,3805,0
1185,3806,0
1185,3807,0
1185,3808,0
1185,3809,0
1185,3810,0
1185,3811,0
1185,3813,0
1185,3814,0
1185,3815,0
1185,3817,0
1185,3818,0
1185,3819,0
1185,3820,0
1185,3821,0
1185,3822,0
1185,3823,0
1185,3824,0
1185,3825,0
1185,3827,0
1185,3828,0
1185,3829,0
1185,3830,0
1185,3831,0
1185,3832,0
1185,3833,0
1185,3834,0
1185,3836,0
1185,3837,0
1185,3838,0
1185,3839,0
1185,3840,0
1185,3841,0
1185,3842,0
1185,3843,0
1185,3844,0
1185,3845,0
1185,3846,0
1185,3849,0
1185,3851,0
1185,3853,0
1185,3854,0
1185,3855,0
1185,3856,0
1185,3857,0
1185,3858,0
1185,3859,0
1185,3860,0
1185,3861,0
1185,3862,0
1185,3863,0
1185,3864,0
1185,3865,0
1185,3866,0
1185,3867,0
1185,3868,0
1185,3869,0
1185,3870,0
1185,3871,0
1185,3873,0
1185,3874,0
1185,3875,0
1185,3876,0
1185,3877,0
1185,3878,0
1185,3879,0
1185,3880,0
1185,3881,0
1185,3882,0
1185,3883,0
1185,3884,0
1185,3885,0
1185,3886,0
1185,3888,0
1185,3889,0
1185,3890,0
1185,3891,0
1185,3892,0
1185,3893,0
1185,3925,0
1185,3927,0
1185,3929,0
1185,3932,0
1185,3933,0
1185,3934,0
1185,3936,0
1185,3938,0
1185,3939,0
1185,3941,0
1185,3942,0
1185,3943,0
1185,3944,0
1185,3945,0
1185,3946,0
1185,3947,0
1185,3948,0
1185,3949,0
1185,3951,0
1185,3952,0
1185,3953,0
1185,3954,0
1185,3955,0
1185,3956,0
1185,3957,0
1185,3958,0
1185,3960,0
1185,3961,0
1185,3962,0
1185,3963,0
1185,3964,0
1185,3965,0
1185,3966,0
1185,3967,0
1185,3968,0
1185,3969,0
1185,3971,0
1185,3972,0
1185,3973,0
1185,3975,0
1185,3976,0
1185,3977,0
1185,3978,0
1185,3979,0
1185,3980,0
1185,3981,0
1185,3983,0
1185,3984,0
1185,3985,0
1185,3987,0
1185,3988,0
1185,3989,0
1185,3991,0
1185,3992,0
1185,3993,0
1185,3994,0
1185,3995,0
1185,3996,0
1185,3997,0
1185,3998,0
1185,3999,0
1185,4000,0
1185,4001,0
1185,4002,0
1185,4004,0
1185,4006,0
1185,4007,0
1185,4008,0
1185,4010,0
1185,4011,0
1185,4012,0
1185,4013,0
1185,4014,0
1185,4015,0
1185,4016,0
1185,4017,0
1185,4018,0
1185,4019,0
1185,4020,0
1185,4021,0
1185,4022,0
1185,4023,0
1185,4024,0
1185,4025,0
1185,4026,0
1185,4027,0
1185,4029,0
1185,4030,0
1185,4031,0
1185,4032,0
1185,4034,0
1185,4035,0
1185,4036,0
1185,4037,0
1185,4038,0
1185,4040,0
1185,4041,0
1185,4042,0
1185,4044,0
1185,4045,0
1185,4046,0
1185,4047,0
1185,4049,0
1185,4052,0
1185,4053,0
1185,4054,0
1185,4056,0
1185,4057,0
1185,4058,0
1185,4059,0
1185,4060,0
1185,4061,0
1185,4062,0
1185,4064,0
1185,4066,0
1185,4067,0
1185,4068,0
1185,4070,0
1185,4071,0
1185,4072,0
1185,4074,0
1185,4075,0
1185,4076,0
1185,4077,0
1185,4078,0
1185,4079,0
1185,4080,0
1185,4081,0
1185,4082,0
1185,4083,0
1185,4084,0
1185,4085,0
1185,4086,0
1185,4088,0
1185,4090,0
1185,4091,0
1185,4092,0
1185,4093,0
1185,4094,0
1185,4095,0
1185,4096,0
1185,4097,0
1185,4098,0
1185,4101,0
1185,4102,0
1185,4103,0
1185,4104,0
1185,4105,0
1185,4106,0
1185,4107,0
1185,4108,0
1185,4109,0
1185,4110,0
1185,4111,0
1185,4112,0
1185,4113,0
1185,4114,0
1185,4115,0
1185,4116,0
1185,4117,0
1185,4119,0
1185,4120,0
1185,4123,0
1185,4124,0
1185,4125,0
1185,4126,0
1185,4127,0
1185,4128,0
1185,4129,0
1185,4131,0
1185,4132,0
1185,4133,0
1185,4134,0
1185,4135,0
1185,4136,0
1185,4137,0
1185,4138,0
1185,4139,0
1185,4140,0
1185,4141,0
1185,4142,0
1185,4144,0
1185,4146,0
1185,4147,0
1185,4148,0
1185,4149,0
1185,4150,0
1185,4151,0
1185,4152,0
1185,4153,0
1185,4154,0
1185,4155,0
1185,4156,0
1185,4157,0
1185,4159,0
1185,4160,0
1185,4161,0
1185,4162,0
1185,4163,0
1185,4164,0
1185,4165,0
1185,4166,0
1185,4167,0
1185,4169,0
1185,4170,0
1185,4171,0
1185,4172,0
1185,4173,0
1185,4174,0
1185,4175,0
1185,4176,0
1185,4177,0
1185,4178,0
1185,4179,0
1185,4180,0
1185,4181,0
1185,4182,0
1185,4184,0
1185,4185,0
1185,4186,0
1185,4189,0
1185,4190,0
1185,4191,0
1185,4193,0
1185,4195,0
1185,4196,0
1185,4197,0
1185,4198,0
1185,4199,0
1185,4200,0
1185,4202,0
1185,4203,0
1185,4205,0
1185,4206,0
1185,4207,0
1185,4208,0
1185,4209,0
1185,4210,0
1185,4211,0
1185,4212,0
1185,4213,0
1185,4214,0
1185,4215,0
1185,4216,0
1185,4217,0
1185,4218,0
1185,4219,0
1185,4222,0
1185,4223,0
1185,4224,0
1185,4225,0
1185,4226,0
1185,4227,0
1185,4229,0
1185,4230,0
1185,4231,0
1185,4232,0
1185,4234,0
1185,4235,0
1185,4236,0
1185,4238,0
1185,4239,0
1185,4240,0
1185,4241,0
1185,4243,0
1185,4244,0
1185,4245,0
1185,4246,0
1185,4247,0
1185,4248,0
1185,4249,0
1185,4250,0
1185,4251,0
1185,4252,0
1185,4254,0
1185,4255,0
1185,4257,0
1185,4258,0
1185,4259,0
1185,4260,0
1185,4261,0
1185,4262,0
1185,4263,0
1185,4264,0
1185,4266,0
1185,4267,0
1185,4268,0
1185,4269,0
1185,4271,0
1185,4273,0
1185,4275,0
1185,4277,0
1185,4278,0
1185,4279,0
1185,4280,0
1185,4281,0
1185,4282,0
1185,4283,0
1185,4284,0
1185,4285,0
1185,4286,0
1185,4287,0
1185,4288,0
1185,4289,0
1185,4291,0
1185,4292,0
1185,4293,0
1185,4297,0
1185,4298,0
1185,4299,0
1185,4300,0
1185,4301,0
1185,4302,0
1185,4304,0
1185,4306,0
1185,4307,0
1185,4308,0
1185,4309,0
1185,4310,0
1185,4311,0
1185,4314,0
1185,4315,0
1185,4316,0
1185,4317,0
1185,4318,0
1185,4319,0
1185,4320,0
1185,4321,0
1185,4322,0
1185,4323,0
1185,4324,0
1185,4325,0
1185,4326,0
1185,4327,0
1185,4328,0
1185,4330,0
1185,4331,0
1185,4332,0
1185,4333,0
1185,4335,0
1185,4337,0
1185,4339,0
1185,4341,0
1185,4342,0
1185,4344,0
1185,4345,0
1185,4346,0
1185,4347,0
1185,4348,0
1185,4349,0
1185,4350,0
1185,4351,0
1185,4352,0
1185,4353,0
1185,4354,0
1185,4355,0
1185,4356,0
1185,4357,0
1185,4358,0
1185,4359,0
1185,4360,0
1185,4363,0
1185,4365,0
1185,4366,0
1185,4367,0
1185,4368,0
1185,4369,0
1185,4370,0
1185,4371,0
1185,4372,0
1185,4373,0
1185,4374,0
1185,4375,0
1185,4377,0
1185,4378,0
1185,4379,0
1185,4380,0
1185,4382,0
1185,4383,0
1185,4385,0
1185,4386,0
1185,4387,0
1185,4388,0
1185,4389,0
1185,4390,0
1185,4394,0
1185,4395,0
1185,4396,0
1185,4397,0
1185,4400,0
1185,4401,0
1185,4402,0
1185,4403,0
1185,4404,0
1185,4406,0
1185,4407,0
1185,4408,0
1185,4409,0
1185,4410,0
1185,4411,0
1185,4412,0
1185,4413,0
1185,4416,0
1185,4419,0
1185,4420,0
1185,4423,0
1185,4450,0
1185,4452,0
1185,4454,0
1185,4455,0
1185,4456,0
1185,4457,0
1185,4458,0
1185,4459,0
1185,4460,0
1185,4461,0
1185,4462,0
1185,4463,0
1185,4464,0
1185,4465,0
1185,4466,0
1185,4468,0
1185,4470,0
1185,4471,0
1185,4473,0
1185,4474,0
1185,4475,0
1185,4477,0
1185,4478,0
1185,4479,0
1185,4480,0
1185,4482,0
1185,4483,0
1185,4484,0
1185,4485,0
1185,4486,0
1185,4487,0
1185,4489,0
1185,4491,0
1185,4492,0
1185,4493,0
1185,4494,0
1185,4495,0
1185,4496,0
1185,4497,0
1185,4498,0
1185,4500,0
1185,4501,0
1185,4502,0
1185,4503,0
1185,4504,0
1185,4505,0
1185,4506,0
1185,4507,0
1185,4508,0
1185,4509,0
1185,4510,0
1185,4511,0
1185,4512,0
1185,4515,0
1185,4516,0
1185,4517,0
1185,4518,0
1185,4519,0
1185,4520,0
1185,4521,0
1185,4523,0
1185,4524,0
1185,4526,0
1185,4527,0
1185,4528,0
1185,4529,0
1185,4530,0
1185,4531,0
1185,4532,0
1185,4534,0
1185,4535,0
1185,4537,0
1185,4538,0
1185,4540,0
1185,4542,0
1185,4543,0
1185,4544,0
1185,4545,0
1185,4546,0
1185,4547,0
1185,4548,0
1185,4549,0
1185,4550,0
1185,4551,0
1185,4552,0
1185,4553,0
1185,4554,0
1185,4555,0
1185,4556,0
1185,4557,0
1185,4558,0
1185,4559,0
1185,4560,0
1185,4562,0
1185,4563,0
1185,4565,0
1185,4566,0
1185,4567,0
1185,4568,0
1185,4569,0
1185,4570,0
1185,4571,0
1185,4572,0
1185,4573,0
1185,4574,0
1185,4575,0
1185,4577,0
1185,4578,0
1185,4579,0
1185,4581,0
1185,4582,0
1185,4583,0
1185,4584,0
1185,4585,0
1185,4586,0
1185,4588,0
1185,4589,0
1185,4590,0
1185,4591,0
1185,4592,0
1185,4594,0
1185,4595,0
1185,4596,0
1185,4597,0
1185,4599,0
1185,4600,0
1185,4602,0
1185,4604,0
1185,4605,0
1185,4606,0
1185,4608,0
1185,4609,0
1185,4610,0
1185,4612,0
1185,4614,0
1185,4615,0
1185,4616,0
1185,4617,0
1185,4619,0
1185,4620,0
1185,4621,0
1185,4622,0
1185,4623,0
1185,4624,0
1185,4625,0
1185,4626,0
1185,4627,0
1185,4628,0
1185,4629,0
1185,4631,0
1185,4632,0
1185,4633,0
1185,4634,0
1185,4636,0
1185,4637,0
1185,4639,0
1185,4640,0
1185,4642,0
1185,4643,0
1185,4644,0
1185,4645,0
1185,4646,0
1185,4647,0
1185,4648,0
1185,4649,0
1185,4650,0
1185,4651,0
1185,4652,0
1185,4653,0
1185,4654,0
1185,4656,0
1185,4657,0
1185,4658,0
1185,4659,0
1185,4660,0
1185,4661,0
1185,4662,0
1185,4663,0
1185,4664,0
1185,4665,0
1185,4666,0
1185,4667,0
1185,4668,0
1185,4669,0
1185,4670,0
1185,4671,0
1185,4672,0
1185,4673,0
1185,4674,0
1185,4675,0
1185,4676,0
1185,4677,0
1185,4679,0
1185,4680,0
1185,4681,0
1185,4682,0
1185,4683,0
1185,4684,0
1185,4685,0
1185,4686,0
1185,4687,0
1185,4689,0
1185,4690,0
1185,4691,0
1185,4692,0
1185,4693,0
1185,4694,0
1185,4695,0
1185,4696,0
1185,4697,0
1185,4699,0
1185,4700,0
1185,4701,0
1185,4702,0
1185,4703,0
1185,4704,0
1185,4705,0
1185,4706,0
1185,4707,0
1185,4708,0
1185,4709,0
1185,4710,0
1185,4711,0
1185,4712,0
1185,4713,0
1185,4714,0
1185,4715,0
1185,4716,0
1185,4717,0
1185,4718,0
1185,4720,0
1185,4721,0
1185,4722,0
1185,4723,0
1185,4724,0
1185,4725,0
1185,4726,0
1185,4727,0
1185,4729,0
1185,4730,0
1185,4731,0
1185,4732,0
1185,4733,0
1185,4734,0
1185,4736,0
1185,4737,0
1185,4739,0
1185,4740,0
1185,4741,0
1185,4742,0
1185,4743,0
1185,4744,0
1185,4745,0
1185,4746,0
1185,4747,0
1185,4748,0
1185,4749,0
1185,4750,0
1185,4751,0
1185,4752,0
1185,4753,0
1185,4754,0
1185,4755,0
1185,4757,0
1185,4758,0
1185,4759,0
1185,4760,0
1185,4761,0
1185,4762,0
1185,4763,0
1185,4764,0
1185,4765,0
1185,4766,0
1185,4767,0
1185,4768,0
1185,4769,0
1185,4770,0
1185,4771,0
1185,4772,0
1185,4773,0
1185,4774,0
1185,4776,0
1185,4777,0
1185,4778,0
1185,4779,0
1185,4780,0
1185,4781,0
1185,4782,0
1185,4783,0
1185,4784,0
1185,4785,0
1185,4787,0
1185,4788,0
1185,4789,0
1185,4790,0
1185,4791,0
1185,4792,0
1185,4793,0
1185,4794,0
1185,4795,0
1185,4796,0
1185,4797,0
1185,4798,0
1185,4799,0
1185,4800,0
1185,4801,0
1185,4802,0
1185,4803,0
1185,4804,0
1185,4805,0
1185,4806,0
1185,4807,0
1185,4808,0
1185,4809,0
1185,4811,0
1185,4812,0
1185,4813,0
1185,4814,0
1185,4815,0
1185,4816,0
1185,4819,0
1185,4820,0
1185,4821,0
1185,4822,0
1185,4823,0
1185,4824,0
1185,4825,0
1185,4826,0
1185,4827,0
1185,4829,0
1185,4830,0
1185,4831,0
1185,4832,0
1185,4833,0
1185,4834,0
1185,4835,0
1185,4836,0
1185,4839,0
1185,4840,0
1185,4841,0
1185,4842,0
1185,4843,0
1185,4844,0
1185,4846,0
1185,4847,0
1185,4848,0
1185,4849,0
1185,4850,0
1185,4851,0
1185,4852,0
1185,4853,0
1185,4854,0
1185,4855,0
1185,4856,0
1185,4857,0
1185,4858,0
1185,4859,0
1185,4860,0
1185,4861,0
1185,4862,0
1185,4863,0
1185,4864,0
1185,4900,0
1185,4901,0
1185,4902,0
1185,4906,0
1185,4908,0
1185,4912,0
1185,4913,0
1185,4914,0
1185,4915,0
1185,4916,0
1185,4919,0
1185,4920,0
1185,4921,0
1185,4922,0
1185,4923,0
1185,4924,0
1185,4925,0
1185,4927,0
1185,4928,0
1185,4929,0
1185,4930,0
1185,4931,0
1185,4932,0
1185,4933,0
1185,4934,0
1185,4936,0
1185,4937,0
1185,4938,0
1185,4939,0
1185,4940,0
1185,4942,0
1185,4943,0
1185,4944,0
1185,4945,0
1185,4947,0
1185,4948,0
1185,4949,0
1185,4950,0
1185,4951,0
1185,4952,0
1185,4953,0
1185,4954,0
1185,4955,0
1185,4957,0
1185,4958,0
1185,4959,0
1185,4960,0
1185,4962,0
1185,4963,0
1185,4964,0
1185,4965,0
1185,4966,0
1185,4968,0
1185,4969,0
1185,4971,0
1185,4972,0
1185,4973,0
1185,4974,0
1185,4975,0
1185,4978,0
1185,4979,0
1185,4981,0
1185,4982,0
1185,4983,0
1185,4984,0
1185,4985,0
1185,4986,0
1185,4987,0
1185,4988,0
1185,4989,0
1185,4990,0
1185,4992,0
1185,4993,0
1185,4994,0
1185,4995,0
1185,4996,0
1185,4997,0
1185,4998,0
1185,4999,0
1185,5000,0
1185,5001,0
1185,5002,0
1185,5003,0
1185,5004,0
1185,5005,0
1185,5007,0
1185,5008,0
1185,5009,0
1185,5011,0
1185,5012,0
1185,5013,0
1185,5014,0
1185,5017,0
1185,5018,0
1185,5019,0
1185,5020,0
1185,5021,0
1185,5022,0
1185,5023,0
1185,5025,0
1185,5026,0
1185,5027,0
1185,5028,0
1185,5029,0
1185,5031,0
1185,5032,0
1185,5033,0
1185,5034,0
1185,5035,0
1185,5036,0
1185,5037,0
1185,5038,0
1185,5039,0
1185,5040,0
1185,5041,0
1185,5042,0
1185,5043,0
1185,5044,0
1185,5045,0
1185,5046,0
1185,5047,0
1185,5048,0
1185,5049,0
1185,5051,0
1185,5052,0
1185,5054,0
1185,5055,0
1185,5057,0
1185,5058,0
1185,5059,0
1185,5060,0
1185,5061,0
1185,5062,0
1185,5063,0
1185,5064,0
1185,5065,0
1185,5066,0
1185,5067,0
1185,5068,0
1185,5070,0
1185,5071,0
1185,5072,0
1185,5073,0
1185,5074,0
1185,5075,0
1185,5076,0
1185,5077,0
1185,5078,0
1185,5079,0
1185,5080,0
1185,5081,0
1185,5082,0
1185,5083,0
1185,5084,0
1185,5087,0
1185,5088,0
1185,5089,0
1185,5091,0
1185,5092,0
1185,5093,0
1185,5094,0
1185,5095,0
1185,5096,0
1185,5097,0
1185,5098,0
1185,5099,0
1185,5100,0
1185,5101,0
1185,5102,0
1185,5103,0
1185,5104,0
1185,5105,0
1185,5106,0
1185,5107,0
1185,5108,0
1185,5110,0
1185,5111,0
1185,5112,0
1185,5113,0
1185,5116,0
1185,5117,0
1185,5118,0
1185,5119,0
1185,5120,0
1185,5121,0
1185,5122,0
1185,5123,0
1185,5124,0
1185,5127,0
1185,5128,0
1185,5129,0
1185,5131,0
1185,5132,0
1185,5133,0
1185,5134,0
1185,5135,0
1185,5136,0
1185,5137,0
1185,5138,0
1185,5139,0
1185,5140,0
1185,5141,0
1185,5142,0
1185,5143,0
1185,5144,0
1185,5145,0
1185,5146,0
1185,5147,0
1185,5148,0
1185,5149,0
1185,5151,0
1185,5153,0
1185,5154,0
1185,5155,0
1185,5156,0
1185,5157,0
1185,5158,0
1185,5159,0
1185,5161,0
1185,5162,0
1185,5163,0
1185,5164,0
1185,5165,0
1185,5167,0
1185,5168,0
1185,5169,0
1185,5170,0
1185,5171,0
1185,5173,0
1185,5174,0
1185,5175,0
1185,5176,0
1185,5177,0
1185,5178,0
1185,5179,0
1185,5180,0
1185,5182,0
1185,5183,0
1185,5184,0
1185,5185,0
1185,5186,0
1185,5187,0
1185,5189,0
1185,5191,0
1185,5192,0
1185,5193,0
1185,5194,0
1185,5195,0
1185,5196,0
1185,5197,0
1185,5198,0
1185,5200,0
1185,5201,0
1185,5202,0
1185,5203,0
1185,5204,0
1185,5206,0
1185,5207,0
1185,5208,0
1185,5209,0
1185,5210,0
1185,5211,0
1185,5212,0
1185,5213,0
1185,5214,0
1185,5215,0
1185,5217,0
1185,5218,0
1185,5219,0
1185,5220,0
1185,5221,0
1185,5222,0
1185,5223,0
1185,5224,0
1185,5225,0
1185,5226,0
1185,5227,0
1185,5228,0
1185,5229,0
1185,5230,0
1185,5231,0
1185,5232,0
1185,5233,0
1185,5234,0
1185,5235,0
1185,5236,0
1185,5237,0
1185,5238,0
1185,5239,0
1185,5240,0
1185,5241,0
1185,5243,0
1185,5244,0
1185,5245,0
1185,5246,0
1185,5247,0
1185,5249,0
1185,5250,0
1185,5251,0
1185,5252,0
1185,5253,0
1185,5255,0
1185,5256,0
1185,5257,0
1185,5258,0
1185,5259,0
1185,5260,0
1185,5261,0
1185,5262,0
1185,5263,0
1185,5264,0
1185,5265,0
1185,5267,0
1185,5268,0
1185,5269,0
1185,5270,0
1185,5271,0
1185,5272,0
1185,5273,0
1185,5274,0
1185,5275,0
1185,5276,0
1185,5277,0
1185,5278,0
1185,5280,0
1185,5281,0
1185,5282,0
1185,5283,0
1185,5284,0
1185,5285,0
1185,5286,0
1185,5287,0
1185,5288,0
1185,5289,0
1185,5290,0
1185,5292,0
1185,5293,0
1185,5294,0
1185,5295,0
1185,5296,0
1185,5297,0
1185,5298,0
1185,5299,0
1185,5300,0
1185,5301,0
1185,5302,0
1185,5303,0
1185,5304,0
1185,5305,0
1185,5306,0
1185,5307,0
1185,5308,0
1185,5309,0
1185,5310,0
1185,5311,0
1185,5313,0
1185,5315,0
1185,5316,0
1185,5317,0
1185,5318,0
1185,5320,0
1185,5321,0
1185,5322,0
1185,5323,0
1185,5324,0
1185,5325,0
1185,5326,0
1185,5327,0
1185,5328,0
1185,5329,0
1185,5330,0
1185,5331,0
1185,5332,0
1185,5333,0
1185,5334,0
1185,5335,0
1185,5336,0
1185,5337,0
1185,5338,0
1185,5339,0
1185,5340,0
1185,5341,0
1185,5342,0
1185,5343,0
1185,5344,0
1185,5345,0
1185,5346,0
1185,5347,0
1185,5349,0
1185,5350,0
1185,5351,0
1185,5352,0
1185,5353,0
1185,5400,0
1185,5403,0
1185,5404,0
1185,5405,0
1185,5408,0
1185,5412,0
1185,5414,0
1185,5415,0
1185,5416,0
1185,5417,0
1185,5418,0
1185,5420,0
1185,5421,0
1185,5423,0
1185,5424,0
1185,5425,0
1185,5426,0
1185,5427,0
1185,5429,0
1185,5430,0
1185,5432,0
1185,5433,0
1185,5434,0
1185,5435,0
1185,5438,0
1185,5440,0
1185,5441,0
1185,5442,0
1185,5443,0
1185,5444,0
1185,5445,0
1185,5446,0
1185,5447,0
1185,5448,0
1185,5450,0
1185,5451,0
1185,5452,0
1185,5453,0
1185,5454,0
1185,5455,0
1185,5456,0
1185,5457,0
1185,5458,0
1185,5459,0
1185,5461,0
1185,5463,0
1185,5464,0
1185,5465,0
1185,5466,0
1185,5467,0
1185,5469,0
1185,5470,0
1185,5471,0
1185,5472,0
1185,5473,0
1185,5474,0
1185,5475,0
1185,5476,0
1185,5477,0
1185,5478,0
1185,5479,0
1185,5480,0
1185,5481,0
1185,5482,0
1185,5483,0
1185,5485,0
1185,5486,0
1185,5487,0
1185,5488,0
1185,5489,0
1185,5490,0
1185,5491,0
1185,5492,0
1185,5493,0
1185,5494,0
1185,5495,0
1185,5496,0
1185,5497,0
1185,5500,0
1185,5501,0
1185,5502,0
1185,5504,0
1185,5505,0
1185,5506,0
1185,5507,0
1185,5508,0
1185,5509,0
1185,5510,0
1185,5512,0
1185,5513,0
1185,5514,0
1185,5515,0
1185,5516,0
1185,5517,0
1185,5518,0
1185,5519,0
1185,5520,0
1185,5521,0
1185,5523,0
1185,5524,0
1185,5527,0
1185,5528,0
1185,5529,0
1185,5530,0
1185,5531,0
1185,5532,0
1185,5533,0
1185,5536,0
1185,5537,0
1185,5538,0
1185,5539,0
1185,5540,0
1185,5541,0
1185,5542,0
1185,5543,0
1185,5544,0
1185,5545,0
1185,5547,0
1185,5548,0
1185,5549,0
1185,5550,0
1185,5551,0
1185,5552,0
1185,5553,0
1185,5554,0
1185,5555,0
1185,5556,0
1185,5557,0
1185,5558,0
1185,5559,0
1185,5560,0
1185,5561,0
1185,5562,0
1185,5563,0
1185,5564,0
1185,5565,0
1185,5566,0
1185,5567,0
1185,5568,0
1185,5569,0
1185,5570,0
1185,5571,0
1185,5573,0
1185,5574,0
1185,5575,0
1185,5577,0
1185,5578,0
1185,5579,0
1185,5580,0
1185,5581,0
1185,5583,0
1185,5584,0
1185,5585,0
1185,5586,0
1185,5587,0
1185,5588,0
1185,5589,0
1185,5590,0
1185,5591,0
1185,5592,0
1185,5593,0
1185,5594,0
1185,5595,0
1185,5596,0
1185,5597,0
1185,5598,0
1185,5599,0
1185,5600,0
1185,5601,0
1185,5602,0
1185,5604,0
1185,5605,0
1185,5606,0
1185,5607,0
1185,5608,0
1185,5609,0
1185,5610,0
1185,5611,0
1185,5612,0
1185,5613,0
1185,5615,0
1185,5616,0
1185,5617,0
1185,5618,0
1185,5619,0
1185,5620,0
1185,5621,0
1185,5622,0
1185,5624,0
1185,5625,0
1185,5626,0
1185,5627,0
1185,5628,0
1185,5629,0
1185,5630,0
1185,5631,0
1185,5633,0
1185,5634,0
1185,5635,0
1185,5636,0
1185,5637,0
1185,5639,0
1185,5640,0
1185,5641,0
1185,5642,0
1185,5643,0
1185,5644,0
1185,5645,0
1185,5646,0
1185,5647,0
1185,5648,0
1185,5649,0
1185,5650,0
1185,5651,0
1185,5652,0
1185,5653,0
1185,5655,0
1185,5656,0
1185,5657,0
1185,5658,0
1185,5659,0
1185,5662,0
1185,5663,0
1185,5664,0
1185,5665,0
1185,5666,0
1185,5668,0
1185,5669,0
1185,5670,0
1185,5671,0
1185,5672,0
1185,5673,0
1185,5677,0
1185,5678,0
1185,5679,0
1185,5680,0
1185,5681,0
1185,5682,0
1185,5684,0
1185,5685,0
1185,5686,0
1185,5688,0
1185,5690,0
1185,5691,0
1185,5692,0
1185,5693,0
1185,5694,0
1185,5695,0
1185,5696,0
1185,5697,0
1185,5698,0
1185,5699,0
1185,5700,0
1185,5701,0
1185,5702,0
1185,5703,0
1185,5704,0
1185,5706,0
1185,5707,0
1185,5708,0
1185,5709,0
1185,5710,0
1185,5711,0
1185,5713,0
1185,5714,0
1185,5715,0
1185,5716,0
1185,5717,0
1185,5718,0
1185,5719,0
1185,5720,0
1185,5721,0
1185,5722,0
1185,5723,0
1185,5724,0
1185,5725,0
1185,5726,0
1185,5728,0
1185,5729,0
1185,5731,0
1185,5732,0
1185,5733,0
1185,5734,0
1185,5736,0
1185,5737,0
1185,5738,0
1185,5739,0
1185,5740,0
1185,5741,0
1185,5742,0
1185,5743,0
1185,5744,0
1185,5745,0
1185,5746,0
1185,5747,0
1185,5748,0
1185,5749,0
1185,5750,0
1185,5751,0
1185,5752,0
1185,5753,0
1185,5754,0
1185,5755,0
1185,5756,0
1185,5757,0
1185,5758,0
1185,5759,0
1185,5760,0
1185,5761,0
1185,5762,0
1185,5763,0
1185,5764,0
1185,5765,0
1185,5766,0
1185,5767,0
1185,5768,0
1185,5769,0
1185,5770,0
1185,5771,0
1185,5772,0
1185,5773,0
1185,5774,0
1185,5775,0
1185,5776,0
1185,5777,0
1185,5778,0
1185,5779,0
1185,5780,0
1185,5781,0
1185,5782,0
1185,5783,0
1185,5784,0
1185,5785,0
1185,5786,0
1185,5787,0
1185,5788,0
1185,5789,0
1185,5790,0
1185,5800,0
1185,5804,0
1185,5805,0
1185,5806,0
1185,5807,0
1185,5808,0
1185,5810,0
1185,5812,0
1185,5814,0
1185,5815,0
1185,5816,0
1185,5817,0
1185,5818,0
1185,5819,0
1185,5820,0
1185,5821,0
1185,5822,0
1185,5823,0
1185,5824,0
1185,5825,0
1185,5826,0
1185,5827,0
1185,5828,0
1185,5830,0
1185,5831,0
1185,5832,0
1185,5833,0
1185,5834,0
1185,5835,0
1185,5836,0
1185,5837,0
1185,5838,0
1185,5839,0
1185,5840,0
1185,5841,0
1185,5842,0
1185,5844,0
1185,5845,0
1185,5846,0
1185,5847,0
1185,5848,0
1185,5849,0
1185,5850,0
1185,5851,0
1185,5852,0
1185,5853,0
1185,5854,0
1185,5855,0
1185,5856,0
1185,5857,0
1185,5858,0
1185,5859,0
1185,5860,0
1185,5861,0
1185,5862,0
1185,5863,0
1185,5864,0
1185,5866,0
1185,5867,0
1185,5868,0
1185,5869,0
1185,5870,0
1185,5871,0
1185,5872,0
1185,5873,0
1185,5874,0
1185,5875,0
1185,5876,0
1185,5877,0
1185,5878,0
1185,5879,0
1185,5880,0
1185,5881,0
1185,5882,0
1185,5884,0
1185,5885,0
1185,5886,0
1185,5888,0
1185,5890,0
1185,5891,0
1185,5893,0
1185,5894,0
1185,5896,0
1185,5897,0
1185,5898,0
1185,5899,0
1185,5900,0
1185,5902,0
1185,5903,0
1185,5904,0
1185,5905,0
1185,5906,0
1185,5908,0
1185,5909,0
1185,5911,0
1185,5912,0
1185,5914,0
1185,5915,0
1185,5916,0
1185,5917,0
1185,5918,0
1185,5919,0
1185,5920,0
1185,5921,0
1185,5922,0
1185,5923,0
1185,5924,0
1185,5925,0
1185,5926,0
1185,5927,0
1185,5928,0
1185,5929,0
1185,5930,0
1185,5931,0
1185,5932,0
1185,5933,0
1185,5934,0
1185,5935,0
1185,5936,0
1185,5937,0
1185,5938,0
1185,5939,0
1185,5940,0
1185,5941,0
1185,5942,0
1185,5943,0
1185,5944,0
1185,5945,0
1185,5946,0
1185,5947,0
1185,5949,0
1185,5950,0
1185,5952,0
1185,5953,0
1185,5954,0
1185,5955,0
1185,5956,0
1185,5957,0
1185,5958,0
1185,5959,0
1185,5960,0
1185,5961,0
1185,5962,0
1185,5963,0
1185,5964,0
1185,5965,0
1185,5966,0
1185,5967,0
1185,5968,0
1185,5969,0
1185,5971,0
1185,5972,0
1185,5973,0
1185,5974,0
1185,5975,0
1185,5976,0
1185,5977,0
1185,5978,0
1185,5979,0
1185,5981,0
1185,5983,0
1185,5984,0
1185,5987,0
1185,5988,0
1185,5989,0
1185,5991,0
1185,5992,0
1185,5993,0
1185,5994,0
1185,5995,0
1185,5996,0
1185,5997,0
1185,5998,0
1185,5999,0
1185,6000,0
1185,6001,0
1185,6003,0
1185,6004,0
1185,6005,0
1185,6006,0
1185,6007,0
1185,6008,0
1185,6009,0
1185,6010,0
1185,6011,0
1185,6012,0
1185,6013,0
1185,6014,0
1185,6015,0
1185,6018,0
1185,6019,0
1185,6020,0
1185,6021,0
1185,6022,0
1185,6025,0
1185,6027,0
1185,6028,0
1185,6029,0
1185,6030,0
1185,6031,0
1185,6032,0
1185,6034,0
1185,6035,0
1185,6036,0
1185,6037,0
1185,6039,0
1185,6040,0
1185,6041,0
1185,6042,0
1185,6043,0
1185,6044,0
1185,6045,0
1185,6046,0
1185,6047,0
1185,6048,0
1185,6049,0
1185,6050,0
1185,6051,0
1185,6052,0
1185,6053,0
1185,6054,0
1185,6055,0
1185,6056,0
1185,6057,0
1185,6058,0
1185,6059,0
1185,6060,0
1185,6062,0
1185,6063,0
1185,6064,0
1185,6065,0
1185,6066,0
1185,6067,0
1185,6068,0
1185,6069,0
1185,6070,0
1185,6071,0
1185,6072,0
1185,6073,0
1185,6074,0
1185,6075,0
1185,6077,0
1185,6079,0
1185,6080,0
1185,6082,0
1185,6083,0
1185,6084,0
1185,6085,0
1185,6086,0
1185,6087,0
1185,6088,0
1185,6089,0
1185,6090,0
1185,6091,0
1185,6092,0
1185,6093,0
1185,6094,0
1185,6095,0
1185,6096,0
1185,6097,0
1185,6099,0
1185,6100,0
1185,6101,0
1185,6102,0
1185,6103,0
1185,6104,0
1185,6105,0
1185,6106,0
1185,6107,0
1185,6108,0
1185,6109,0
1185,6110,0
1185,6111,0
1185,6113,0
1185,6114,0
1185,6115,0
1185,6116,0
1185,6117,0
1185,6118,0
1185,6119,0
1185,6123,0
1185,6124,0
1185,6125,0
1185,6126,0
1185,6127,0
1185,6128,0
1185,6129,0
1185,6130,0
1185,6131,0
1185,6132,0
1185,6133,0
1185,6134,0
1185,6135,0
1185,6136,0
1185,6137,0
1185,6138,0
1185,6139,0
1185,6141,0
1185,6142,0
1185,6143,0
1185,6144,0
1185,6145,0
1185,6146,0
1185,6147,0
1185,6148,0
1185,6149,0
1185,6150,0
1185,6151,0
1185,6152,0
1185,6153,0
1185,6154,0
1185,6155,0
1185,6156,0
1185,6157,0
1185,6158,0
1185,6159,0
1185,6160,0
1185,6161,0
1185,6162,0
1185,6163,0
1185,6164,0
1185,6165,0
1185,6166,0
1185,6167,0
1185,6168,0
1185,6169,0
1185,6171,0
1185,6173,0
1185,6174,0
1185,6176,0
1185,6177,0
1185,6178,0
1185,6179,0
1185,6180,0
1185,6181,0
1185,6182,0
1185,6183,0
1185,6184,0
1185,6185,0
1185,6186,0
1185,6187,0
1185,6188,0
1185,6189,0
1185,6190,0
1185,6191,0
1185,6192,0
1185,6194,0
1185,6195,0
1185,6196,0
1185,6197,0
1185,6198,0
1185,6199,0
1185,6200,0
1185,6201,0
1185,6202,0
1185,6203,0
1185,6204,0
1185,6205,0
1185,6206,0
1185,6207,0
1185,6208,0
1185,6209,0
1185,6210,0
1185,6211,0
1185,6212,0
1185,6213,0
1185,6214,0
1185,6215,0
1185,6216,0
1185,6217,0
1185,6218,0
1185,6219,0
1185,6220,0
1185,6221,0
1185,6222,0
1185,6223,0
1185,6224,0
1185,6225,0
1185,6226,0
1185,6227,0
1185,6228,0
1185,6229,0
1185,6230,0
1185,6231,0
1185,6232,0
1185,6233,0
1185,6234,0
1185,6235,0
1185,6236,0
1185,6238,0
1185,6239,0
1185,6240,0
1185,6241,0
1185,6242,0
1185,6243,0
1185,6244,0
1185,6245,0
1185,6246,0
1185,6248,0
1185,6300,0
1185,6301,0
1185,6302,0
1185,6303,0
1185,6304,0
1185,6305,0
1185,6306,0
1185,6307,0
1185,6308,0
1185,6309,0
1185,6312,0
1185,6313,0
1185,6314,0
1185,6315,0
1185,6317,0
1185,6318,0
1185,6319,0
1185,6320,0
1185,6321,0
1185,6322,0
1185,6323,0
1185,6325,0
1185,6326,0
1185,6327,0
1185,6330,0
1185,6331,0
1185,6332,0
1185,6333,0
1185,6334,0
1185,6335,0
1185,6336,0
1185,6337,0
1185,6338,0
1185,6339,0
1185,6342,0
1185,6343,0
1185,6344,0
1185,6345,0
1185,6346,0
1185,6347,0
1185,6348,0
1185,6349,0
1185,6350,0
1185,6351,0
1185,6352,0
1185,6353,0
1185,6354,0
1185,6355,0
1185,6356,0
1185,6357,0
1185,6358,0
1185,6359,0
1185,6360,0
1185,6361,0
1185,6362,0
1185,6363,0
1185,6365,0
1185,6366,0
1185,6367,0
1185,6368,0
1185,6369,0
1185,6370,0
1185,6371,0
1185,6372,0
1185,6373,0
1185,6374,0
1185,6375,0
1185,6376,0
1185,6378,0
1185,6379,0
1185,6380,0
1185,6381,0
1185,6382,0
1185,6383,0
1185,6384,0
1185,6385,0
1185,6387,0
1185,6388,0
1185,6389,0
1185,6391,0
1185,6392,0
1185,6393,0
1185,6394,0
1185,6395,0
1185,6396,0
1185,6397,0
1185,6398,0
1185,6399,0
1185,6400,0
1185,6401,0
1185,6402,0
1185,6404,0
1185,6405,0
1185,6406,0
1185,6407,0
1185,6408,0
1185,6409,0
1185,6410,0
1185,6411,0
1185,6412,0
1185,6413,0
1185,6414,0
1185,6416,0
1185,6418,0
1185,6419,0
1185,6420,0
1185,6421,0
1185,6422,0
1185,6425,0
1185,6426,0
1185,6427,0
1185,6428,0
1185,6429,0
1185,6430,0
1185,6431,0
1185,6432,0
1185,6433,0
1185,6436,0
1185,6437,0
1185,6438,0
1185,6439,0
1185,6440,0
1185,6441,0
1185,6442,0
1185,6444,0
1185,6445,0
1185,6446,0
1185,6447,0
1185,6448,0
1185,6449,0
1185,6450,0
1185,6451,0
1185,6452,0
1185,6453,0
1185,6454,0
1185,6455,0
1185,6456,0
1185,6457,0
1185,6458,0
1185,6460,0
1185,6461,0
1185,6462,0
1185,6463,0
1185,6464,0
1185,6465,0
1185,6466,0
1185,6467,0
1185,6468,0
1185,6469,0
1185,6470,0
1185,6472,0
1185,6473,0
1185,6474,0
1185,6475,0
1185,6476,0
1185,6477,0
1185,6478,0
1185,6479,0
1185,6480,0
1185,6481,0
1185,6482,0
1185,6483,0
1185,6484,0
1185,6485,0
1185,6486,0
1185,6487,0
1185,6488,0
1185,6489,0
1185,6490,0
1185,6491,0
1185,6492,0
1185,6493,0
1185,6494,0
1185,6495,0
1185,6496,0
1185,6497,0
1185,6498,0
1185,6499,0
1185,6503,0
1185,6504,0
1185,6505,0
1185,6506,0
1185,6507,0
1185,6508,0
1185,6509,0
1185,6511,0
1185,6512,0
1185,6513,0
1185,6514,0
1185,6515,0
1185,6516,0
1185,6517,0
1185,6518,0
1185,6519,0
1185,6520,0
1185,6521,0
1185,6522,0
1185,6523,0
1185,6524,0
1185,6525,0
1185,6526,0
1185,6527,0
1185,6529,0
1185,6530,0
1185,6531,0
1185,6532,0
1185,6533,0
1185,6534,0
1185,6535,0
1185,6536,0
1185,6537,0
1185,6538,0
1185,6539,0
1185,6540,0
1185,6541,0
1185,6542,0
1185,6543,0
1185,6544,0
1185,6545,0
1185,6546,0
1185,6547,0
1185,6548,0
1185,6549,0
1185,6550,0
1185,6551,0
1185,6552,0
1185,6553,0
1185,6554,0
1185,6555,0
1185,6556,0
1185,6557,0
1185,6558,0
1185,6559,0
1185,6560,0
1185,6561,0
1185,6562,0
1185,6563,0
1185,6564,0
1185,6565,0
1185,6566,0
1185,6567,0
1185,6568,0
1185,6571,0
1185,6572,0
1185,6573,0
1185,6574,0
1185,6575,0
1185,6576,0
1185,6577,0
1185,6578,0
1185,6579,0
1185,6580,0
1185,6581,0
1185,6582,0
1185,6583,0
1185,6584,0
1185,6585,0
1185,6586,0
1185,6587,0
1185,6588,0
1185,6589,0
1185,6590,0
1185,6591,0
1185,6592,0
1185,6593,0
1185,6594,0
1185,6595,0
1185,6596,0
1185,6597,0
1185,6599,0
1185,6600,0
1185,6601,0
1185,6602,0
1185,6603,0
1185,6604,0
1185,6605,0
1185,6606,0
1185,6607,0
1185,6609,0
1185,6610,0
1185,6611,0
1185,6612,0
1185,6613,0
1185,6614,0
1185,6615,0
1185,6616,0
1185,6617,0
1185,6618,0
1185,6619,0
1185,6620,0
1185,6621,0
1185,6622,0
1185,6623,0
1185,6624,0
1185,6625,0
1185,6626,0
1185,6627,0
1185,6628,0
1185,6629,0
1185,6630,0
1185,6631,0
1185,6632,0
1185,6633,0
1185,6634,0
1185,6635,0
1185,6636,0
1185,6637,0
1185,6638,0
1185,6640,0
1185,6641,0
1185,6642,0
1185,6643,0
1185,6644,0
1185,6645,0
1185,6646,0
1185,6648,0
1185,6649,0
1185,6650,0
1185,6651,0
1185,6652,0
1185,6653,0
1185,6654,0
1185,6655,0
1185,6656,0
1185,6657,0
1185,6658,0
1185,6659,0
1185,6660,0
1185,6661,0
1185,6662,0
1185,6663,0
1185,6664,0
1185,6665,0
1185,6666,0
1185,6667,0
1185,6668,0
1185,6669,0
1185,6670,0
1185,6671,0
1185,6673,0
1185,6674,0
1185,6675,0
1185,6676,0
1185,6677,0
1185,6678,0
1185,6679,0
1185,6680,0
1185,6681,0
1185,6682,0
1185,6683,0
1185,6684,0
1185,6685,0
1185,6686,0
1185,6687,0
1185,6688,0
1185,6689,0
1185,6690,0
1185,6691,0
1185,6692,0
1185,6693,0
1185,6695,0
1185,6696,0
1185,6697,0
1185,6699,0
1185,6700,0
1185,6701,0
1185,6702,0
1185,6703,0
1185,6704,0
1185,6707,0
1185,6708,0
1185,6709,0
1185,6710,0
1185,6711,0
1185,6712,0
1185,6714,0
1185,6715,0
1185,6716,0
1185,6717,0
1185,6718,0
1185,6719,0
1185,6720,0
1185,6721,0
1185,6722,0
1185,6723,0
1185,6724,0
1185,6725,0
1185,6726,0
1185,6727,0
1185,6728,0
1185,6729,0
1185,6730,0
1185,6731,0
1185,6732,0
1185,6733,0
1185,6734,0
1185,6735,0
1185,6736,0
1185,6737,0
1185,6738,0
1185,6739,0
1185,6740,0
1185,6741,0
1185,6742,0
1185,6743,0
1185,6744,0
1185,6745,0
1185,6746,0
1185,6747,0
1185,6748,0
1185,6749,0
1185,6750,0
1185,6751,0
1185,6752,0
1185,6754,0
1185,6755,0
1185,6756,0
1185,6757,0
1185,6758,0
1185,6759,0
1185,6762,0
1185,6763,0
1185,6764,0
1185,6765,0
1185,6766,0
1185,6769,0
1185,6770,0
1185,6771,0
1185,6772,0
1185,6773,0
1185,6774,0
1185,6801,0
1185,6802,0
1185,6804,0
1185,6805,0
1185,6806,0
1185,6807,0
1185,6808,0
1185,6809,0
1185,6810,0
1185,6811,0
1185,6812,0
1185,6813,0
1185,6814,0
1185,6815,0
1185,6816,0
1185,6817,0
1185,6818,0
1185,6819,0
1185,6820,0
1185,6821,0
1185,6822,0
1185,6823,0
1185,6824,0
1185,6825,0
1185,6826,0
1185,6827,0
1185,6828,0
1185,6830,0
1185,6831,0
1185,6832,0
1185,6833,0
1185,6834,0
1185,6835,0
1185,6836,0
1185,6837,0
1185,6839,0
1185,6840,0
1185,6841,0
1185,6842,0
1185,6843,0
1185,6844,0
1185,6845,0
1185,6846,0
1185,6847,0
1185,6848,0
1185,6849,0
1185,6850,0
1185,6851,0
1185,6852,0
1185,6853,0
1185,6854,0
1185,6855,0
1185,6856,0
1185,6857,0
1185,6858,0
1185,6859,0
1185,6860,0
1185,6861,0
1185,6862,0
1185,6863,0
1185,6864,0
1185,6865,0
1185,6866,0
1185,6867,0
1185,6868,0
1185,6869,0
1185,6870,0
1185,6871,0
1185,6872,0
1185,6873,0
1185,6874,0
1185,6875,0
1185,6876,0
1185,6878,0
1185,6879,0
1185,6880,0
1185,6881,0
1185,6882,0
1185,6883,0
1185,6884,0
1185,6885,0
1185,6886,0
1185,6887,0
1185,6888,0
1185,6889,0
1185,6890,0
1185,6891,0
1185,6892,0
1185,6893,0
1185,6894,0
1185,6895,0
1185,6896,0
1185,6897,0
1185,6898,0
1185,6899,0
1185,6900,0
1185,6902,0
1185,6903,0
1185,6904,0
1185,6905,0
1185,6906,0
1185,6908,0
1185,6909,0
1185,6910,0
1185,6911,0
1185,6912,0
1185,6913,0
1185,6914,0
1185,6915,0
1185,6916,0
1185,6917,0
1185,6918,0
1185,6919,0
1185,6920,0
1185,6921,0
1185,6922,0
1185,6923,0
1185,6924,0
1185,6926,0
1185,6927,0
1185,6928,0
1185,6929,0
1185,6930,0
1185,6931,0
1185,6932,0
1185,6933,0
1185,6934,0
1185,6935,0
1185,6936,0
1185,6937,0
1185,6938,0
1185,6939,0
1185,6940,0
1185,6941,0
1185,6942,0
1185,6943,0
1185,6944,0
1185,6945,0
1185,6946,0
1185,6947,0
1185,6949,0
1185,6950,0
1185,6951,0
1185,6952,0
1185,6953,0
1185,6954,0
1185,6955,0
1185,6957,0
1185,6958,0
1185,6959,0
1185,6960,0
1185,6961,0
1185,6962,0
1185,6963,0
1185,6964,0
1185,6965,0
1185,6966,0
1185,6967,0
1185,6969,0
1185,6970,0
1185,6971,0
1185,6972,0
1185,6973,0
1185,6974,0
1185,6975,0
1185,6976,0
1185,6977,0
1185,6979,0
1185,6980,0
1185,6981,0
1185,6982,0
1185,6983,0
1185,6984,0
1185,6985,0
1185,6987,0
1185,6988,0
1185,6989,0
1185,6990,0
1185,6991,0
1185,6992,0
1185,6993,0
1185,6994,0
1185,6997,0
1185,6999,0
1185,7000,0
1185,7001,0
1185,7002,0
1185,7003,0
1185,7004,0
1185,7005,0
1185,7006,0
1185,7007,0
1185,7008,0
1185,7009,0
1185,7010,0
1185,7011,0
1185,7012,0
1185,7013,0
1185,7014,0
1185,7015,0
1185,7016,0
1185,7017,0
1185,7018,0
1185,7019,0
1185,7020,0
1185,7022,0
1185,7023,0
1185,7024,0
1185,7025,0
1185,7026,0
1185,7027,0
1185,7028,0
1185,7029,0
1185,7030,0
1185,7031,0
1185,7032,0
1185,7033,0
1185,7035,0
1185,7036,0
1185,7037,0
1185,7038,0
1185,7039,0
1185,7040,0
1185,7041,0
1185,7043,0
1185,7044,0
1185,7045,0
1185,7046,0
1185,7047,0
1185,7048,0
1185,7049,0
1185,7050,0
1185,7051,0
1185,7052,0
1185,7053,0
1185,7054,0
1185,7055,0
1185,7056,0
1185,7057,0
1185,7059,0
1185,7060,0
1185,7063,0
1185,7064,0
1185,7065,0
1185,7066,0
1185,7068,0
1185,7069,0
1185,7070,0
1185,7071,0
1185,7072,0
1185,7073,0
1185,7074,0
1185,7075,0
1185,7076,0
1185,7077,0
1185,7078,0
1185,7079,0
1185,7080,0
1185,7081,0
1185,7082,0
1185,7083,0
1185,7084,0
1185,7085,0
1185,7087,0
1185,7088,0
1185,7091,0
1185,7092,0
1185,7093,0
1185,7094,0
1185,7095,0
1185,7096,0
1185,7097,0
1185,7098,0
1185,7099,0
1185,7100,0
1185,7101,0
1185,7102,0
1185,7103,0
1185,7105,0
1185,7106,0
1185,7107,0
1185,7109,0
1185,7110,0
1185,7111,0
1185,7112,0
1185,7113,0
1185,7114,0
1185,7115,0
1185,7116,0
1185,7117,0
1185,7118,0
1185,7119,0
1185,7120,0
1185,7122,0
1185,7123,0
1185,7124,0
1185,7125,0
1185,7126,0
1185,7127,0
1185,7128,0
1185,7129,0
1185,7130,0
1185,7131,0
1185,7132,0
1185,7133,0
1185,7134,0
1185,7135,0
1185,7136,0
1185,7138,0
1185,7139,0
1185,7140,0
1185,7141,0
1185,7142,0
1185,7143,0
1185,7144,0
1185,7145,0
1185,7147,0
1185,7148,0
1185,7149,0
1185,7150,0
1185,7151,0
1185,7154,0
1185,7155,0
1185,7156,0
1185,7157,0
1185,7158,0
1185,7159,0
1185,7161,0
1185,7162,0
1185,7163,0
1185,7164,0
1185,7165,0
1185,7166,0
1185,7167,0
1185,7168,0
1185,7169,0
1185,7170,0
1185,7171,0
1185,7172,0
1185,7173,0
1185,7174,0
1185,7175,0
1185,7176,0
1185,7177,0
1185,7178,0
1185,7180,0
1185,7181,0
1185,7182,0
1185,7183,0
1185,7184,0
1185,7185,0
1185,7187,0
1185,7188,0
1185,7189,0
1185,7190,0
1185,7191,0
1185,7192,0
1185,7193,0
1185,7194,0
1185,7195,0
1185,7196,0
1185,7198,0
1185,7199,0
1185,7200,0
1185,7201,0
1185,7202,0
1185,7203,0
1185,7204,0
1185,7205,0
1185,7206,0
1185,7207,0
1185,7208,0
1185,7209,0
1185,7210,0
1185,7212,0
1185,7213,0
1185,7214,0
1185,7215,0
1185,7216,0
1185,7217,0
1185,7218,0
1185,7219,0
1185,7220,0
1185,7221,0
1185,7222,0
1185,7223,0
1185,7224,0
1185,7225,0
1185,7226,0
1185,7227,0
1185,7228,0
1185,7229,0
1185,7230,0
1185,7231,0
1185,7232,0
1185,7233,0
1185,7234,0
1185,7235,0
1185,7236,0
1185,7237,0
1185,7238,0
1185,7239,0
1185,7240,0
1185,7241,0
1185,7242,0
1185,7243,0
1185,7244,0
1185,7245,0
1185,7246,0
1185,7247,0
1185,7248,0
1185,7249,0
1185,7250,0
1185,7251,0
1185,7252,0
1185,7253,0
1185,7254,0
1185,7255,0
1185,7256,0
1185,7257,0
1185,7259,0
1185,7260,0
1185,7261,0
1185,7262,0
1185,7263,0
1185,7264,0
1185,7265,0
1185,7266,0
1185,7267,0
1185,7268,0
1185,7269,0
1185,7270,0
1185,7271,0
1185,7272,0
1185,7273,0
1185,7274,0
1185,7275,0
1185,7276,0
1185,7277,0
1185,7278,0
1185,7279,0
1185,7280,0
1185,7281,0
1185,7282,0
1185,7283,0
1185,7284,0
1185,7285,0
1185,7286,0
1185,7287,0
1185,7288,0
1185,7289,0
1185,7290,0
1185,7291,0
1185,7292,0
1185,7293,0
1185,7294,0
1185,7295,0
1185,7296,0
1185,7297,0
1185,7298,0
1185,7299,0
1185,7300,0
1185,7301,0
1185,7302,0
1185,7303,0
1185,7304,0
1185,7305,0
1185,7306,0
1185,7307,0
1185,7308,0
1185,7309,0
1185,7310,0
1185,7311,0
1185,7312,0
1185,7313,0
1185,7314,0
1185,7315,0
1185,7316,0
1185,7317,0
1185,7318,0
1185,7319,0
1185,7320,0
1185,7321,0
1185,7322,0
1185,7323,0
1185,7324,0
1185,7325,0
1185,7326,0
1185,7327,0
1185,7328,0
1185,7329,0
1185,7330,0
1185,7331,0
1185,7332,0
1185,7333,0
1185,7334,0
1185,7400,0
1185,7401,0
1185,7403,0
1185,7405,0
1185,7406,0
1185,7408,0
1185,7409,0
1185,7410,0
1185,7411,0
1185,7412,0
1185,7413,0
1185,7414,0
1185,7415,0
1185,7416,0
1185,7417,0
1185,7418,0
1185,7419,0
1185,7420,0
1185,7422,0
1185,7423,0
1185,7424,0
1185,7425,0
1185,7427,0
1185,7428,0
1185,7429,0
1185,7430,0
1185,7431,0
1185,7432,0
1185,7433,0
1185,7434,0
1185,7435,0
1185,7436,0
1185,7437,0
1185,7438,0
1185,7439,0
1185,7440,0
1185,7441,0
1185,7442,0
1185,7445,0
1185,7446,0
1185,7447,0
1185,7448,0
1185,7450,0
1185,7451,0
1185,7452,0
1185,7453,0
1185,7455,0
1185,7456,0
1185,7459,0
1185,7460,0
1185,7461,0
1185,7462,0
1185,7463,0
1185,7464,0
1185,7465,0
1185,7466,0
1185,7467,0
1185,7468,0
1185,7469,0
1185,7471,0
1185,7472,0
1185,7473,0
1185,7474,0
1185,7475,0
1185,7476,0
1185,7477,0
1185,7478,0
1185,7479,0
1185,7480,0
1185,7481,0
1185,7482,0
1185,7483,0
1185,7485,0
1185,7486,0
1185,7487,0
1185,7488,0
1185,7489,0
1185,7490,0
1185,7491,0
1185,7493,0
1185,7494,0
1185,7495,0
1185,7496,0
1185,7497,0
1185,7498,0
1185,7499,0
1185,7500,0
1185,7501,0
1185,7502,0
1185,7503,0
1185,7504,0
1185,7505,0
1185,7506,0
1185,7507,0
1185,7508,0
1185,7509,0
1185,7510,0
1185,7511,0
1185,7512,0
1185,7513,0
1185,7514,0
1185,7515,0
1185,7516,0
1185,7517,0
1185,7518,0
1185,7519,0
1185,7520,0
1185,7522,0
1185,7523,0
1185,7524,0
1185,7525,0
1185,7526,0
1185,7527,0
1185,7528,0
1185,7529,0
1185,7530,0
1185,7531,0
1185,7532,0
1185,7533,0
1185,7534,0
1185,7535,0
1185,7536,0
1185,7537,0
1185,7538,0
1185,7539,0
1185,7540,0
1185,7541,0
1185,7542,0
1185,7543,0
1185,7544,0
1185,7545,0
1185,7546,0
1185,7547,0
1185,7548,0
1185,7549,0
1185,7550,0
1185,7551,0
1185,7552,0
1185,7554,0
1185,7555,0
1185,7556,0
1185,7557,0
1185,7559,0
1185,7560,0
1185,7561,0
1185,7562,0
1185,7563,0
1185,7564,0
1185,7565,0
1185,7566,0
1185,7567,0
1185,7568,0
1185,7569,0
1185,7570,0
1185,7571,0
1185,7572,0
1185,7573,0
1185,7574,0
1185,7575,0
1185,7577,0
1185,7578,0
1185,7579,0
1185,7580,0
1185,7581,0
1185,7582,0
1185,7583,0
1185,7584,0
1185,7585,0
1185,7586,0
1185,7587,0
1185,7588,0
1185,7589,0
1185,7590,0
1185,7591,0
1185,7592,0
1185,7593,0
1185,7594,0
1185,7595,0
1185,7596,0
1185,7597,0
1185,7598,0
1185,7599,0
1185,7600,0
1185,7601,0
1185,7602,0
1185,7603,0
1185,7604,0
1185,7606,0
1185,7607,0
1185,7608,0
1185,7609,0
1185,7610,0
1185,7611,0
1185,7612,0
1185,7613,0
1185,7614,0
1185,7615,0
1185,7616,0
1185,7617,0
1185,7618,0
1185,7619,0
1185,7620,0
1185,7621,0
1185,7622,0
1185,7623,0
1185,7624,0
1185,7625,0
1185,7626,0
1185,7628,0
1185,7629,0
1185,7630,0
1185,7631,0
1185,7633,0
1185,7634,0
1185,7635,0
1185,7636,0
1185,7637,0
1185,7638,0
1185,7639,0
1185,7640,0
1185,7641,0
1185,7642,0
1185,7643,0
1185,7644,0
1185,7645,0
1185,7646,0
1185,7647,0
1185,7648,0
1185,7649,0
1185,7650,0
1185,7651,0
1185,7652,0
1185,7653,0
1185,7654,0
1185,7655,0
1185,7656,0
1185,7657,0
1185,7658,0
1185,7659,0
1185,7660,0
1185,7661,0
1185,7662,0
1185,7663,0
1185,7664,0
1185,7665,0
1185,7668,0
1185,7669,0
1185,7670,0
1185,7671,0
1185,7672,0
1185,7673,0
1185,7674,0
1185,7675,0
1185,7676,0
1185,7677,0
1185,7678,0
1185,7679,0
1185,7680,0
1185,7681,0
1185,7682,0
1185,7683,0
1185,7684,0
1185,7685,0
1185,7686,0
1185,7687,0
1185,7688,0
1185,7689,0
1185,7690,0
1185,7691,0
1185,7692,0
1185,7693,0
1185,7694,0
1185,7695,0
1185,7696,0
1185,7699,0
1185,7700,0
1185,7701,0
1185,7702,0
1185,7703,0
1185,7704,0
1185,7705,0
1185,7706,0
1185,7707,0
1185,7708,0
1185,7709,0
1185,7710,0
1185,7711,0
1185,7712,0
1185,7713,0
1185,7714,0
1185,7715,0
1185,7716,0
1185,7717,0
1185,7718,0
1185,7719,0
1185,7720,0
1185,7721,0
1185,7722,0
1185,7723,0
1185,7724,0
1185,7725,0
1185,7726,0
1185,7727,0
1185,7728,0
1185,7729,0
1185,7730,0
1185,7731,0
1185,7732,0
1185,7733,0
1185,7734,0
1185,7735,0
1185,7736,0
1185,7737,0
1185,7738,0
1185,7739,0
1185,7740,0
1185,7741,0
1185,7742,0
1185,7743,0
1185,7744,0
1185,7745,0
1185,7746,0
1185,7747,0
1185,7748,0
1185,7749,0
1185,7750,0
1185,7751,0
1185,7752,0
1185,7753,0
1185,7754,0
1185,7755,0
1185,7756,0
1185,7757,0
1185,7758,0
1185,7759,0
1185,7760,0
1185,7761,0
1185,7762,0
1185,7763,0
1185,7764,0
1185,7765,0
1185,7766,0
1185,7767,0
1185,7768,0
1185,7770,0
1185,7771,0
1185,7772,0
1185,7773,0
1185,7774,0
1185,7775,0
1185,7776,0
1185,7777,0
1185,7778,0
1185,7779,0
1185,7780,0
1185,7781,0
1185,7783,0
1185,7785,0
1185,7786,0
1185,7787,0
1185,7788,0
1185,7789,0
1185,7791,0
1185,7792,0
1185,7793,0
1185,7794,0
1185,7795,0
1185,7796,0
1185,7797,0
1185,7798,0
1185,7799,0
1185,7800,0
1185,7801,0
1185,7802,0
1185,7803,0
1185,7804,0
1185,7805,0
1185,7806,0
1185,7807,0
1185,7808,0
1185,7809,0
1185,7810,0
1185,7811,0
1185,7812,0
1185,7813,0
1185,7814,0
1185,7815,0
1185,7816,0
1185,7817,0
1185,7818,0
1185,7819,0
1185,7820,0
1185,7821,0
1185,7822,0
1185,7823,0
1185,7824,0
1185,7825,0
1185,7826,0
1185,7827,0
1185,7828,0
1185,7829,0
1185,7830,0
1185,7831,0
1185,7832,0
1185,7833,0
1185,7834,0
1185,7835,0
1185,7836,0
1185,7837,0
1185,7838,0
1185,7839,0
1185,7840,0
1185,7841,0
1185,7842,0
1185,7843,0
1185,7844,0
1185,7846,0
1185,7847,0
1185,7848,0
1185,7849,0
1185,7850,0
1185,7851,0
1185,7852,0
1185,7853,0
1185,7854,0
1185,7855,0
1185,7856,0
1185,7857,0
1185,7858,0
1185,7859,0
1185,7860,0
1185,7861,0
1185,7862,0
1185,7863,0
1185,7864,0
1185,7865,0
1185,7866,0
1185,7867,0
1185,7868,0
1185,7869,0
1185,7870,0
1185,7871,0
1185,7872,0
1185,7873,0
1185,7874,0
1185,7875,0
1185,7876,0
1185,7877,0
1185,7878,0
1185,7879,0
1185,7880,0
1185,7881,0
1185,7882,0
1185,7883,0
1185,7884,0
1185,7885,0
1185,7886,0
1185,7887,0
1185,7889,0
1185,7891,0
1185,7892,0
1185,7893,0
1185,7894,0
1185,7895,0
1185,7896,0
1185,7897,0
1185,7898,0
1185,7899,0
1185,7900,0
1185,7901,0
1185,7902,0
1185,7903,0
1185,7904,0
1185,7905,0
1185,7906,0
1185,7907,0
1185,7908,0
1185,7909,0
1185,7910,0
1185,7911,0
1185,7912,0
1185,7913,0
1185,7914,0
1185,7917,0
1185,7918,0
1185,8002,0
1185,8003,0
1185,8004,0
1185,8006,0
1185,8007,0
1185,8012,0
1185,8014,0
1185,8015,0
1185,8016,0
1185,8017,0
1185,8018,0
1185,8019,0
1185,8020,0
1185,8021,0
1185,8022,0
1185,8023,0
1185,8024,0
1185,8025,0
1185,8026,0
1185,8027,0
1185,8028,0
1185,8029,0
1185,8030,0
1185,8031,0
1185,8034,0
1185,8035,0
1185,8036,0
1185,8037,0
1185,8038,0
1185,8039,0
1185,8040,0
1185,8041,0
1185,8042,0
1185,8043,0
1185,8045,0
1185,8047,0
1185,8048,0
1185,8049,0
1185,8050,0
1185,8052,0
1185,8053,0
1185,8054,0
1185,8056,0
1185,8057,0
1185,8058,0
1185,8059,0
1185,8060,0
1185,8061,0
1185,8062,0
1185,8063,0
1185,8064,0
1185,8065,0
1185,8066,0
1185,8067,0
1185,8068,0
1185,8069,0
1185,8070,0
1185,8071,0
1185,8072,0
1185,8073,0
1185,8074,0
1185,8075,0
1185,8076,0
1185,8077,0
1185,8078,0
1185,8079,0
1185,8080,0
1185,8082,0
1185,8084,0
1185,8085,0
1185,8086,0
1185,8087,0
1185,8088,0
1185,8089,0
1185,8091,0
1185,8092,0
1185,8093,0
1185,8094,0
1185,8095,0
1185,8097,0
1185,8098,0
1185,8099,0
1185,8100,0
1185,8101,0
1185,8102,0
1185,8103,0
1185,8104,0
1185,8105,0
1185,8106,0
1185,8107,0
1185,8108,0
1185,8109,0
1185,8110,0
1185,8111,0
1185,8112,0
1185,8113,0
1185,8115,0
1185,8116,0
1185,8117,0
1185,8118,0
1185,8119,0
1185,8120,0
1185,8121,0
1185,8122,0
1185,8123,0
1185,8124,0
1185,8125,0
1185,8126,0
1185,8127,0
1185,8128,0
1185,8129,0
1185,8130,0
1185,8131,0
1185,8132,0
1185,8133,0
1185,8134,0
1185,8135,0
1185,8136,0
1185,8137,0
1185,8138,0
1185,8139,0
1185,8140,0
1185,8141,0
1185,8142,0
1185,8143,0
1185,8144,0
1185,8145,0
1185,8147,0
1185,8148,0
1185,8149,0
1185,8151,0
1185,8152,0
1185,8153,0
1185,8154,0
1185,8155,0
1185,8156,0
1185,8157,0
1185,8158,0
1185,8159,0
1185,8160,0
1185,8161,0
1185,8162,0
1185,8163,0
1185,8164,0
1185,8165,0
1185,8166,0
1185,8167,0
1185,8168,0
1185,8169,0
1185,8170,0
1185,8171,0
1185,8172,0
1185,8173,0
1185,8174,0
1185,8175,0
1185,8176,0
1185,8178,0
1185,8179,0
1185,8180,0
1185,8181,0
1185,8182,0
1185,8183,0
1185,8184,0
1185,8185,0
1185,8186,0
1185,8187,0
1185,8188,0
1185,8189,0
1185,8190,0
1185,8191,0
1185,8192,0
1185,8193,0
1185,8194,0
1185,8195,0
1185,8197,0
1185,8198,0
1185,8200,0
1185,8202,0
1185,8203,0
1185,8204,0
1185,8205,0
1185,8206,0
1185,8207,0
1185,8208,0
1185,8209,0
1185,8210,0
1185,8211,0
1185,8212,0
1185,8213,0
1185,8214,0
1185,8215,0
1185,8216,0
1185,8217,0
1185,8218,0
1185,8219,0
1185,8221,0
1185,8222,0
1185,8223,0
1185,8224,0
1185,8225,0
1185,8226,0
1185,8229,0
1185,8230,0
1185,8231,0
1185,8232,0
1185,8233,0
1185,8234,0
1185,8235,0
1185,8236,0
1185,8237,0
1185,8238,0
1185,8239,0
1185,8240,0
1185,8241,0
1185,8242,0
1185,8243,0
1185,8244,0
1185,8245,0
1185,8246,0
1185,8247,0
1185,8248,0
1185,8249,0
1185,8250,0
1185,8251,0
1185,8252,0
1185,8253,0
1185,8254,0
1185,8255,0
1185,8256,0
1185,8257,0
1185,8258,0
1185,8259,0
1185,8260,0
1185,8261,0
1185,8262,0
1185,8263,0
1185,8264,0
1185,8265,0
1185,8266,0
1185,8267,0
1185,8268,0
1185,8269,0
1185,8270,0
1185,8271,0
1185,8272,0
1185,8273,0
1185,8274,0
1185,8275,0
1185,8276,0
1185,8277,0
1185,8278,0
1185,8279,0
1185,8281,0
1185,8282,0
1185,8283,0
1185,8284,0
1185,8285,0
1185,8286,0
1185,8287,0
1185,8288,0
1185,8289,0
1185,8290,0
1185,8291,0
1185,8292,0
1185,8293,0
1185,8294,0
1185,8295,0
1185,8296,0
1185,8297,0
1185,8298,0
1185,8299,0
1185,8300,0
1185,8301,0
1185,8302,0
1185,8303,0
1185,8304,0
1185,8305,0
1185,8306,0
1185,8307,0
1185,8308,0
1185,8309,0
1185,8310,0
1185,8311,0
1185,8312,0
1185,8313,0
1185,8314,0
1185,8315,0
1185,8316,0
1185,8317,0
1185,8318,0
1185,8319,0
1185,8320,0
1185,8321,0
1185,8322,0
1185,8323,0
1185,8324,0
1185,8325,0
1185,8326,0
1185,8327,0
1185,8328,0
1185,8329,0
1185,8330,0
1185,8331,0
1185,8332,0
1185,8333,0
1185,8334,0
1185,8335,0
1185,8336,0
1185,8337,0
1185,8338,0
1185,8339,0
1185,8340,0
1185,8341,0
1185,8342,0
1185,8343,0
1185,8344,0
1185,8345,0
1185,8346,0
1185,8347,0
1185,8348,0
1185,8349,0
1185,8350,0
1185,8351,0
1185,8353,0
1185,8354,0
1185,8355,0
1185,8356,0
1185,8357,0
1185,8358,0
1185,8359,0
1185,8360,0
1185,8361,0
1185,8362,0
1185,8363,0
1185,8364,0
1185,8365,0
1185,8366,0
1185,8367,0
1185,8368,0
1185,8369,0
1185,8370,0
1185,8371,0
1185,8372,0
1185,8373,0
1185,8374,0
1185,8375,0
1185,8376,0
1185,8377,0
1185,8378,0
1185,8379,0
1185,8380,0
1185,8381,0
1185,8382,0
1185,8383,0
1185,8384,0
1185,8385,0
1185,8386,0
1185,8387,0
1185,8388,0
1185,8389,0
1185,8390,0
1185,8391,0
1185,8392,0
1185,8393,0
1185,8394,0
1185,8395,0
1185,8396,0
1185,8397,0
1185,8398,0
1185,8399,0
1185,8400,0
1185,8401,0
1185,8402,0
1185,8403,0
1185,8404,0
1185,8405,0
1185,8406,0
1185,8407,0
1185,8408,0
1185,8409,0
1185,8410,0
1185,8411,0
1185,8412,0
1185,8413,0
1185,8414,0
1185,8415,0
1185,8416,0
1185,8417,0
1185,8418,0
1185,8419,0
1185,8420,0
1185,8421,0
1185,8422,0
1185,8423,0
1185,8424,0
1185,8425,0
1185,8426,0
1185,8427,0
1185,8428,0
1185,8430,0
1185,8431,0
1185,8432,0
1185,8500,0
1185,8501,0
1185,8503,0
1185,8504,0
1185,8505,0
1185,8507,0
1185,8508,0
1185,8509,0
1185,8510,0
1185,8511,0
1185,8512,0
1185,8514,0
1185,8516,0
1185,8518,0
1185,8519,0
1185,8521,0
1185,8522,0
1185,8523,0
1185,8524,0
1185,8525,0
1185,8526,0
1185,8527,0
1185,8528,0
1185,8529,0
1185,8530,0
1185,8531,0
1185,8532,0
1185,8533,0
1185,8534,0
1185,8535,0
1185,8536,0
1185,8537,0
1185,8538,0
1185,8539,0
1185,8540,0
1185,8542,0
1185,8543,0
1185,8544,0
1185,8545,0
1185,8546,0
1185,8547,0
1185,8550,0
1185,8551,0
1185,8552,0
1185,8553,0
1185,8554,0
1185,8555,0
1185,8556,0
1185,8557,0
1185,8558,0
1185,8559,0
1185,8560,0
1185,8561,0
1185,8562,0
1185,8563,0
1185,8564,0
1185,8565,0
1185,8566,0
1185,8567,0
1185,8568,0
1185,8569,0
1185,8570,0
1185,8571,0
1185,8572,0
1185,8573,0
1185,8574,0
1185,8575,0
1185,8577,0
1185,8579,0
1185,8580,0
1185,8581,0
1185,8582,0
1185,8583,0
1185,8585,0
1185,8586,0
1185,8587,0
1185,8588,0
1185,8589,0
1185,8591,0
1185,8593,0
1185,8594,0
1185,8596,0
1185,8597,0
1185,8598,0
1185,8599,0
1185,8600,0
1185,8601,0
1185,8602,0
1185,8603,0
1185,8604,0
1185,8605,0
1185,8606,0
1185,8607,0
1185,8608,0
1185,8609,0
1185,8610,0
1185,8611,0
1185,8612,0
1185,8613,0
1185,8614,0
1185,8615,0
1185,8616,0
1185,8617,0
1185,8618,0
1185,8619,0
1185,8620,0
1185,8621,0
1185,8622,0
1185,8623,0
1185,8624,0
1185,8625,0
1185,8626,0
1185,8628,0
1185,8629,0
1185,8630,0
1185,8631,0
1185,8632,0
1185,8634,0
1185,8636,0
1185,8637,0
1185,8700,0
1185,8702,0
1185,8703,0
1185,8704,0
1185,8705,0
1185,8706,0
1185,8707,0
1185,8708,0
1185,8709,0
1185,8710,0
1185,8711,0
1185,8713,0
1185,8714,0
1185,8715,0
1185,8716,0
1185,8717,0
1185,8718,0
1185,8719,0
1185,8720,0
1185,8721,0
1185,8722,0
1185,8723,0
1185,8725,0
1185,8728,0
1185,8729,0
1185,8730,0
1185,8731,0
1185,8732,0
1185,8733,0
1185,8734,0
1185,8735,0
1185,8737,0
1185,8739,0
1185,8740,0
1185,8741,0
1185,8742,0
1185,8743,0
1185,8744,0
1185,8745,0
1185,8746,0
1185,8747,0
1185,8748,0
1185,8750,0
1185,8751,0
1185,8752,0
1185,8753,0
1185,8754,0
1185,8755,0
1185,8756,0
1185,8757,0
1185,8758,0
1185,8759,0
1185,8760,0
1185,8761,0
1185,8762,0
1185,8763,0
1185,8764,0
1185,8765,0
1185,8766,0
1185,8767,0
1185,8770,0
1185,8771,0
1185,8772,0
1185,8773,0
1185,8774,0
1185,8775,0
1185,8776,0
1185,8777,0
1185,8778,0
1185,8779,0
1185,8780,0
1185,8781,0
1185,8782,0
1185,8783,0
1185,8784,0
1185,8785,0
1185,8786,0
1185,8787,0
1185,8788,0
1185,8789,0
1185,8790,0
1185,8791,0
1185,8792,0
1185,8793,0
1185,8794,0
1185,8795,0
1185,8796,0
1185,8797,0
1185,8798,0
1185,8799,0
1185,8800,0
1185,8801,0
1185,8802,0
1185,8803,0
1185,8804,0
1185,8805,0
1185,8806,0
1185,8807,0
1185,8809,0
1185,8810,0
1185,8811,0
1185,8812,0
1185,8813,0
1185,8814,0
1185,8815,0
1185,8816,0
1185,8817,0
1185,8818,0
1185,8819,0
1185,8820,0
1185,8821,0
1185,8822,0
1185,8823,0
1185,8824,0
1185,8825,0
1185,8826,0
1185,8827,0
1185,8829,0
1185,8830,0
1185,8831,0
1185,8832,0
1185,8833,0
1185,8834,0
1185,8835,0
1185,8836,0
1185,8837,0
1185,8838,0
1185,8839,0
1185,8840,0
1185,8842,0
1185,8843,0
1185,8844,0
1185,8845,0
1185,8846,0
1185,8847,0
1185,8848,0
1185,8849,0
1185,8850,0
1185,8852,0
1185,8853,0
1185,8854,0
1185,8855,0
1185,8856,0
1185,8857,0
1185,8858,0
1185,8859,0
1185,8861,0
1185,8862,0
1185,8863,0
1185,8865,0
1185,8867,0
1185,8868,0
1185,8869,0
1185,8870,0
1185,8871,0
1185,8872,0
1185,8875,0
1185,8876,0
1185,8877,0
1185,8878,0
1185,8879,0
1185,8880,0
1185,8881,0
1185,8882,0
1185,8883,0
1185,8884,0
1185,8885,0
1185,8886,0
1185,8887,0
1185,8888,0
1185,8889,0
1185,8890,0
1185,8891,0
1185,8893,0
1185,8894,0
1185,8895,0
1185,8896,0
1185,8897,0
1185,8898,0
1185,8899,0
1185,9000,0
1185,9001,0
1185,9002,0
1185,9003,0
1185,9004,0
1185,9006,0
1185,9007,0
1185,9008,0
1185,9009,0
1185,9010,0
1185,9011,0
1185,9012,0
1185,9014,0
1185,9015,0
1185,9016,0
1185,9018,0
1185,9019,0
1185,9020,0
1185,9021,0
1185,9022,0
1185,9023,0
1185,9024,0
1185,9025,0
1185,9026,0
1185,9027,0
1185,9028,0
1185,9029,0
1185,9030,0
1185,9031,0
1185,9032,0
1185,9033,0
1185,9034,0
1185,9035,0
1185,9036,0
1185,9037,0
1185,9038,0
1185,9039,0
1185,9040,0
1185,9041,0
1185,9042,0
1185,9043,0
1185,9044,0
1185,9045,0
1185,9046,0
1185,9047,0
1185,9048,0
1185,9049,0
1185,9050,0
1185,9051,0
1185,9052,0
1185,9053,0
1185,9054,0
1185,9055,0
1185,9056,0
1185,9057,0
1185,9058,0
1185,9059,0
1185,9060,0
1185,9061,0
1185,9063,0
1185,9064,0
1185,9065,0
1185,9066,0
1185,9067,0
1185,9068,0
1185,9069,0
1185,9070,0
1185,9071,0
1185,9072,0
1185,9073,0
1185,9074,0
1185,9075,0
1185,9076,0
1185,9077,0
1185,9078,0
1185,9079,0
1185,9081,0
1185,9082,0
1185,9083,0
1185,9086,0
1185,9087,0
1185,9089,0
1185,9090,0
1185,9091,0
1185,9093,0
1185,9094,0
1185,9095,0
1185,9096,0
1185,9097,0
1185,9099,0
1185,9100,0
1185,9101,0
1185,9102,0
1185,9103,0
1185,9104,0
1185,9105,0
1185,9106,0
1185,9107,0
1185,9108,0
1185,9109,0
1185,9111,0
1185,9112,0
1185,9113,0
1185,9114,0
1185,9115,0
1185,9116,0
1185,9117,0
1185,9118,0
1185,9119,0
1185,9120,0
1185,9121,0
1185,9122,0
1185,9123,0
1185,9124,0
1185,9125,0
1185,9127,0
1185,9128,0
1185,9129,0
1185,9130,0
1185,9131,0
1185,9132,0
1185,9133,0
1185,9134,0
1185,9135,0
1185,9136,0
1185,9137,0
1185,9138,0
1185,9139,0
1185,9141,0
1185,9142,0
1185,9143,0
1185,9144,0
1185,9145,0
1185,9146,0
1185,9147,0
1185,9148,0
1185,9149,0
1185,9150,0
1185,9151,0
1185,9152,0
1185,9153,0
1185,9154,0
1185,9155,0
1185,9156,0
1185,9157,0
1185,9158,0
1185,9159,0
1185,9160,0
1185,9161,0
1185,9162,0
1185,9163,0
1185,9164,0
1185,9166,0
1185,9167,0
1185,9168,0
1185,9169,0
1185,9170,0
1185,9171,0
1185,9172,0
1185,9173,0
1185,9174,0
1185,9175,0
1185,9176,0
1185,9177,0
1185,9178,0
1185,9179,0
1185,9180,0
1185,9181,0
1185,9182,0
1185,9183,0
1185,9184,0
1185,9185,0
1185,9186,0
1185,9187,0
1185,9188,0
1185,9189,0
1185,9190,0
1185,9191,0
1185,9192,0
1185,9193,0
1185,9194,0
1185,9195,0
1185,9196,0
1185,9197,0
1185,9198,0
1185,9199,0
1185,9200,0
1185,9201,0
1185,9202,0
1185,9203,0
1185,9204,0
1185,9205,0
1185,9206,0
1185,9207,0
1185,9209,0
1185,9210,0
1185,9211,0
1185,9212,0
1185,9213,0
1185,9214,0
1185,9215,0
1185,9216,0
1185,9217,0
1185,9218,0
1185,9219,0
1185,9220,0
1185,9221,0
1185,9222,0
1185,9223,0
1185,9224,0
1185,9225,0
1185,9226,0
1185,9227,0
1185,9228,0
1185,9229,0
1185,9230,0
1185,9231,0
1185,9233,0
1185,9235,0
1185,9236,0
1185,9237,0
1185,9238,0
1185,9239,0
1185,9240,0
1185,9241,0
1185,9242,0
1185,9243,0
1185,9244,0
1185,9246,0
1185,9247,0
1185,9248,0
1185,9249,0
1185,9250,0
1185,9251,0
1185,9252,0
1185,9253,0
1185,9254,0
1185,9255,0
1185,9256,0
1185,9257,0
1185,9258,0
1185,9259,0
1185,9260,0
1185,9261,0
1185,9262,0
1185,9263,0
1185,9264,0
1185,9265,0
1185,9266,0
1185,9268,0
1185,9269,0
1185,9270,0
1185,9271,0
1185,9272,0
1185,9273,0
1185,9274,0
1185,9275,0
1185,9276,0
1185,9277,0
1185,9278,0
1185,9279,0
1185,9280,0
1185,9281,0
1185,9282,0
1185,9283,0
1185,9284,0
1185,9286,0
1185,9287,0
1185,9289,0
1185,9292,0
1185,9293,0
1185,9295,0
1185,9296,0
1185,9297,0
1185,9298,0
1185,9299,0
1185,9300,0
1185,9301,0
1185,9302,0
1185,9303,0
1185,9304,0
1185,9305,0
1185,9306,0
1185,9307,0
1185,9308,0
1185,9309,0
1185,9310,0
1185,9311,0
1185,9312,0
1185,9313,0
1185,9314,0
1185,9315,0
1185,9316,0
1185,9317,0
1185,9330,0
1185,9400,0
1185,9401,0
1185,9402,0
1185,9403,0
1185,9404,0
1185,9405,0
1185,9406,0
1185,9407,0
1185,9409,0
1185,9410,0
1185,9411,0
1185,9414,0
1185,9415,0
1185,9416,0
1185,9418,0
1185,9419,0
1185,9421,0
1185,9422,0
1185,9423,0
1185,9424,0
1185,9425,0
1185,9426,0
1185,9428,0
1185,9429,0
1185,9430,0
1185,9431,0
1185,9432,0
1185,9433,0
1185,9434,0
1185,9435,0
1185,9436,0
1185,9437,0
1185,9438,0
1185,9439,0
1185,9440,0
1185,9441,0
1185,9442,0
1185,9443,0
1185,9444,0
1185,9445,0
1185,9446,0
1185,9447,0
1185,9448,0
1185,9449,0
1185,9450,0
1185,9451,0
1185,9453,0
1185,9454,0
1185,9455,0
1185,9456,0
1185,9457,0
1185,9458,0
1185,9459,0
1185,9461,0
1185,9462,0
1185,9463,0
1185,9464,0
1185,9465,0
1185,9466,0
1185,9467,0
1185,9468,0
1185,9469,0
1185,9470,0
1185,9471,0
1185,9472,0
1185,9473,0
1185,9474,0
1185,9475,0
1185,9476,0
1185,9477,0
1185,9478,0
1185,9479,0
1185,9480,0
1185,9481,0
1185,9482,0
1185,9483,0
1185,9484,0
1185,9485,0
1185,9486,0
1185,9487,0
1185,9488,0
1185,9489,0
1185,9490,0
1185,9491,0
1185,9492,0
1185,9493,0
1185,9494,0
1185,9495,0
1185,9497,0
1185,9498,0
1185,9499,0
1185,9500,0
1185,9501,0
1185,9502,0
1185,9503,0
1185,9504,0
1185,9505,0
1185,9506,0
1185,9507,0
1185,9508,0
1185,9509,0
1185,9510,0
1185,9511,0
1185,9512,0
1185,9513,0
1185,9514,0
1185,9515,0
1185,9516,0
1185,9517,0
1185,9518,0
1185,9519,0
1185,9520,0
1185,9521,0
1185,9522,0
1185,9523,0
1185,9524,0
1185,9525,0
1185,9526,0
1185,9527,0
1185,9528,0
1185,9529,0
1185,9530,0
1185,9531,0
1185,9532,0
1185,9533,0
1185,9534,0
1185,9535,0
1185,9536,0
1185,9537,0
1185,9538,0
1185,9539,0
1185,9540,0
1185,9541,0
1185,9542,0
1185,9543,0
1185,9544,0
1185,9545,0
1185,9546,0
1185,9547,0
1185,9548,0
1185,9549,0
1185,9550,0
1185,9551,0
1185,9552,0
1185,9553,0
1185,9554,0
1185,9555,0
1185,9556,0
1185,9557,0
1185,9558,0
1185,9559,0
1185,9560,0
1185,9561,0
1185,9562,0
1185,9563,0
1185,9564,0
1185,9565,0
1185,9566,0
1185,9567,0
1185,9568,0
1185,9569,0
1185,9570,0
1185,9571,0
1185,9572,0
1185,9573,0
1185,9575,0
1185,9577,0
1185,9578,0
1185,9579,0
1185,9580,0
1185,9581,0
1185,9582,0
1185,9583,0
1185,9584,0
1185,9585,0
1185,9586,0
1185,9587,0
1185,9588,0
1185,9589,0
1185,9590,0
1185,9591,0
1185,9592,0
1185,9594,0
1185,9595,0
1185,9596,0
1185,9597,0
1185,9598,0
1185,9600,0
1185,9601,0
1185,9602,0
1185,9603,0
1185,9604,0
1185,9605,0
1185,9606,0
1185,9607,0
1185,9608,0
1185,9610,0
1185,9611,0
1185,9612,0
1185,9613,0
1185,9614,0
1185,9615,0
1185,9616,0
1185,9617,0
1185,9618,0
1185,9619,0
1185,9620,0
1185,9621,0
1185,9622,0
1185,9623,0
1185,9624,0
1185,9625,0
1185,9626,0
1185,9627,0
1185,9628,0
1185,9629,0
1185,9630,0
1185,9631,0
1185,9632,0
1185,9633,0
1185,9634,0
1185,9635,0
1185,9636,0
1185,9637,0
1185,9638,0
1185,9639,0
1185,9640,0
1185,9641,0
1185,9642,0
1185,9643,0
1185,9644,0
1185,9645,0
1185,9646,0
1185,9647,0
1185,9648,0
1185,9649,0
1185,9650,0
1185,9651,0
1185,9652,0
1185,9653,0
1185,9654,0
1185,9655,0
1185,9656,0
1185,9657,0
1185,9658,0
1185,9659,0
1185,9660,0
1185,9661,0
1185,9662,0
1185,9663,0
1185,9664,0
1185,9665,0
1185,9666,0
1185,9667,0
1185,9668,0
1185,9669,0
1185,9670,0
1185,9671,0
1185,9672,0
1185,9673,0
1185,9674,0
1185,9675,0
1185,9676,0
1185,9677,0
1185,9678,0
1185,9679,0
1185,9680,0
1185,9681,0
1185,9682,0
1185,9683,0
1185,9684,0
1185,9685,0
1185,9686,0
1185,9687,0
1185,9688,0
1185,9689,0
1185,9690,0
1185,9691,0
1185,9692,0
1185,9693,0
1185,9694,0
1185,9695,0
1185,9696,0
1185,9697,0
1185,9698,0
1185,9699,0
1185,9700,0
1185,9701,0
1185,9702,0
1185,9703,0
1185,9704,0
1185,9705,0
1185,9706,0
1185,9707,0
1185,9708,0
1185,9709,0
1185,9710,0
1185,9711,0
1185,9712,0
1185,9713,0
1185,9714,0
1185,9715,0
1185,9716,0
1185,9717,0
1185,9718,0
1185,9719,0
1185,9720,0
1185,9721,0
1185,9722,0
1185,9723,0
1185,9724,0
1185,9725,0
1185,9726,0
1185,9727,0
1185,9728,0
1185,9729,0
1185,9730,0
1185,9731,0
1185,9732,0
1185,9733,0
1185,9734,0
1185,9735,0
1185,9736,0
1185,9737,0
1185,9738,0
1185,9739,0
1185,9740,0
1185,9741,0
1185,9742,0
1185,9743,0
1185,9744,0
1185,9745,0
1185,9746,0
1185,9747,0
1185,9748,0
1185,9749,0
1185,9750,0
1185,9751,0
1185,9752,0
1185,9753,0
1185,9754,0
1185,9755,0
1185,9756,0
1185,9757,0
1185,9759,0
1185,9760,0
1185,9761,0
1185,9762,0
1185,9763,0
1185,9764,0
1185,9765,0
1185,9766,0
1185,9767,0
1185,9768,0
1185,9769,0
1185,9770,0
1185,9771,0
1185,9772,0
1185,9773,0
1185,9775,0
1185,9776,0
1185,9777,0
1185,9778,0
1185,9779,0
1185,9780,0
1185,9781,0
1185,9782,0
1185,9783,0
1185,9784,0
1185,9785,0
1185,9786,0
1185,9787,0
1185,9788,0
1185,9789,0
1185,9790,0
1185,9970,0
1185,9971,0
1185,9972,0
1185,9973,0
1185,9974,0
1185,9975,0
1185,9976,0
1185,9977,0
1185,9978,0
1185,9980,0
1185,9981,0
1185,9982,0
1185,9983,0
1185,9984,0
1185,9985,0
1185,9986,0
1185,9987,0
1185,9988,0
1185,9989,0
1185,9990,0
1185,9991,0
1185,9992,0
1185,9993,0
1185,9994,0
1185,9995,0
1185,9996,0
1185,9997,0
1185,9998,0
1185,9999,0
1185,10000,0
1185,10001,0
1185,10002,0
1185,10004,0
1185,10006,0
1185,10010,0
1185,10011,0
1185,10012,0
1185,10014,0
1185,10015,0
1185,10016,0
1185,10017,0
1185,10019,0
1185,10027,0
1185,10029,0
1185,10032,0
1185,10034,0
1185,10041,0
1185,10042,0
1185,10043,0
1185,10044,0
1185,10045,0
1185,10050,0
1185,10051,0
1185,10053,0
1185,10055,0
1185,10058,0
1185,10059,0
1185,10062,0
1185,10063,0
1185,10064,0
1185,10066,0
1185,10069,0
1185,10070,0
1185,10072,0
1185,10077,0
1185,10079,0
1185,10090,0
1185,10101,0
1185,10105,0
1185,10107,0
1185,10108,0
1185,10114,0
1185,10118,0
1185,10120,0
1185,10121,0
1185,10132,0
1185,10133,0
1185,10137,0
1185,10138,0
1185,10139,0
1185,10140,0
1185,10141,0
1185,10142,0
1185,10143,0
1185,10146,0
1185,10147,0
1185,10151,0
1185,10152,0
1185,10154,0
1185,10156,0
1185,10157,0
1185,10159,0
1185,10162,0
1185,10166,0
1185,10167,0
1185,10170,0
1185,10172,0
1185,10173,0
1185,10174,0
1185,10177,0
1185,10180,0
1185,10181,0
1185,10183,0
1185,10185,0
1185,10186,0
1185,10190,0
1185,10200,0
1185,10202,0
1185,10203,0
1185,10204,0
1185,10205,0
1185,10207,0
1185,10208,0
1185,10209,0
1185,10211,0
1185,10212,0
1185,10213,0
1185,10214,0
1185,10216,0
1185,10217,0
1185,10218,0
1185,10219,0
1185,10221,0
1185,10223,0
1185,10224,0
1185,10225,0
1185,10226,0
1185,10228,0
1185,10229,0
1185,10230,0
1185,10231,0
1185,10232,0
1185,10236,0
1185,10243,0
1185,10244,0
1185,10245,0
1185,10246,0
1185,10247,0
1185,10248,0
1185,10249,0
1185,10251,0
1185,10252,0
1185,10254,0
1185,10256,0
1185,10257,0
1185,10260,0
1185,10261,0
1185,10262,0
1185,10263,0
1185,10264,0
1185,10266,0
1185,10269,0
1185,10279,0
1185,10281,0
1185,10285,0
1185,10287,0
1185,10288,0
1185,10291,0
1185,10295,0
1185,10296,0
1185,10297,0
1185,10298,0
1185,10299,0
1185,10300,0
1185,10302,0
1185,10303,0
1185,10304,0
1185,10308,0
1185,10309,0
1185,10312,0
1185,10313,0
1185,10316,0
1185,10317,0
1185,10321,0
1185,10322,0
1185,10323,0
1185,10327,0
1185,10328,0
1185,10332,0
1185,10333,0
1185,10334,0
1185,10335,0
1185,10336,0
1185,10337,0
1185,10338,0
1185,10339,0
1185,10340,0
1185,10342,0
1185,10343,0
1185,10344,0
1185,10345,0
1185,10349,0
1185,10350,0
1185,10351,0
1185,10352,0
1185,10353,0
1185,10354,0
1185,10356,0
1185,10358,0
1185,10361,0
1185,10366,0
1185,10367,0
1185,10368,0
1185,10369,0
1185,10370,0
1185,10372,0
1185,10376,0
1185,10377,0
1185,10378,0
1185,10380,0
1185,10382,0
1185,10383,0
1185,10384,0
1185,10385,0
1185,10387,0
1185,10388,0
1185,10390,0
1185,10392,0
1185,10393,0
1185,10394,0
1185,10395,0
1185,10396,0
1185,10399,0
1185,10400,0
1185,10402,0
1185,10404,0
1185,10409,0
1185,10410,0
1185,10411,0
1185,10412,0
1185,10413,0
1185,10415,0
1185,10416,0
1185,10418,0
1185,10421,0
1185,10422,0
1185,10423,0
1185,10424,0
1185,10425,0
1185,10427,0
1185,10428,0
1185,10430,0
1185,10432,0
1185,10434,0
1185,10435,0
1185,10437,0
1185,10438,0
1185,10439,0
1185,10444,0
1185,10445,0
1185,10446,0
1185,10448,0
1185,10449,0
1185,10452,0
1185,10453,0
1185,10454,0
1185,10455,0
1185,10456,0
1185,10457,0
1185,10458,0
1185,10464,0
1185,10465,0
1185,10466,0
1185,10468,0
1185,10470,0
1185,10471,0
1185,10472,0
1185,10473,0
1185,10474,0
1185,10475,0
1185,10476,0
1185,10478,0
1185,10479,0
1185,10480,0
1185,10482,0
1185,10483,0
1185,10486,0
1185,10487,0
1185,10489,0
1185,10490,0
1185,10491,0
1185,10492,0
1185,10493,0
1185,10495,0
1185,10496,0
1185,10497,0
1185,10498,0
1185,10499,0
1185,10500,0
1185,10501,0
1185,10502,0
1185,10504,0
1185,10505,0
1185,10506,0
1185,10508,0
1185,10510,0
1185,10512,0
1185,10513,0
1185,10514,0
1185,10515,0
1185,10516,0
1185,10517,0
1185,10518,0
1185,10519,0
1185,10521,0
1185,10522,0
1185,10523,0
1185,10526,0
1185,10527,0
1185,10528,0
1185,10529,0
1185,10530,0
1185,10531,0
1185,10532,0
1185,10535,0
1185,10541,0
1185,10542,0
1185,10547,0
1185,10548,0
1185,10549,0
1185,10550,0
1185,10551,0
1185,10552,0
1185,10553,0
1185,10554,0
1185,10555,0
1185,10558,0
1185,10560,0
1185,10562,0
1185,10565,0
1185,10575,0
1185,10576,0
1185,10577,0
1185,10579,0
1185,10580,0
1185,10582,0
1185,10583,0
1185,10584,0
1185,10586,0
1185,10587,0
1185,10590,0
1185,10591,0
1185,10592,0
1185,10593,0
1185,10595,0
1185,10596,0
1185,10597,0
1185,10598,0
1185,10599,0
1185,10600,0
1185,10602,0
1185,10604,0
1185,10605,0
1185,10606,0
1185,10607,0
1185,10608,0
1185,10609,0
1185,10610,0
1185,10611,0
1185,10612,0
1185,10613,0
1185,10614,0
1185,10615,0
1185,10616,0
1185,10618,0
1185,10619,0
1185,10620,0
1185,10621,0
1185,10622,0
1185,10623,0
1185,10625,0
1185,10626,0
1185,10629,0
1185,10630,0
1185,10633,0
1185,10634,0
1185,10635,0
1185,10636,0
1185,10642,0
1185,10644,0
1185,10647,0
1185,10650,0
1185,10651,0
1185,10652,0
1185,10653,0
1185,10654,0
1185,10655,0
1185,10656,0
1185,10657,0
1185,10658,0
1185,10659,0
1185,10661,0
1185,10664,0
1185,10665,0
1185,10666,0
1185,10667,0
1185,10668,0
1185,10670,0
1185,10671,0
1185,10672,0
1185,10674,0
1185,10675,0
1185,10676,0
1185,10677,0
1185,10679,0
1185,10680,0
1185,10682,0
1185,10686,0
1185,10689,0
1185,10690,0
1185,10692,0
1185,10695,0
1185,10698,0
1185,10704,0
1185,10705,0
1185,10711,0
1185,10714,0
1185,10903,0
1185,10904,0
1185,10905,0
1185,10906,0
1185,10907,0
1185,10909,0
1185,10910,0
1185,10911,0
1185,10912,0
1185,10913,0
1185,10914,0
1185,10917,0
1185,10918,0
1185,10920,0
1185,10922,0
1185,10924,0
1185,10929,0
1185,10930,0
1185,10931,0
1185,10932,0
1185,10933,0
1185,10935,0
1185,10936,0
1185,10937,0
1185,10940,0
1185,10943,0
1185,10945,0
1185,10947,0
1185,10949,0
1185,10950,0
1185,10951,0
1185,10953,0
1185,10958,0
1185,10959,0
1185,10960,0
1185,10961,0
1185,10973,0
1185,10975,0
1185,10978,0
1185,10979,0
1185,10980,0
1185,10981,0
1185,10986,0
1185,10987,0
1185,10988,0
1185,10989,0
1185,10991,0
1185,10993,0
1185,10994,0
1185,10995,0
1185,10996,0
1185,10997,0
1185,10998,0
1185,10999,0
1185,11000,0
1185,11002,0
1185,11003,0
1185,11010,0
1185,11019,0
1185,11022,0
1185,11024,0
1185,11025,0
1185,11027,0
1185,11030,0
1185,11031,0
1185,11035,0
1185,11036,0
1185,11037,0
1185,11040,0
1185,11064,0
1185,11065,0
1185,11068,0
1185,11070,0
1185,11090,0
1185,11091,0
1185,11094,0
1185,11095,0
1185,11096,0
1185,11097,0
1185,11098,0
1185,11099,0
1185,11100,0
1185,11102,0
1185,11103,0
1185,11104,0
1185,11105,0
1185,11107,0
1185,11118,0
1185,11120,0
1185,11121,0
1185,11130,0
1185,11131,0
1185,11132,0
1185,11133,0
1185,11137,0
1185,11138,0
1185,11139,0
1185,11146,0
1185,11149,0
1185,11154,0
1185,11157,0
1185,11158,0
1185,11161,0
1185,11164,0
1185,11166,0
1185,11167,0
1185,11169,0
1185,11171,0
1185,11172,0
1185,11173,0
1185,11174,0
1185,11175,0
1185,11176,0
1185,11177,0
1185,11178,0
1185,11179,0
1185,11188,0
1185,11195,0
1185,11200,0
1185,11201,0
1185,11207,0
1185,11210,0
1185,11211,0
1185,11212,0
1185,11215,0
1185,11216,0
1185,11219,0
1185,11220,0
1185,11221,0
1185,11222,0
1185,11223,0
1185,11224,0
1185,11225,0
1185,11227,0
1185,11229,0
1185,11230,0
1185,11232,0
1185,11235,0
1185,11240,0
1185,11241,0
1185,11242,0
1185,11243,0
1185,11244,0
1185,11245,0
1185,11246,0
1185,11247,0
1185,11251,0
1185,11252,0
1185,11254,0
1185,11255,0
1185,11256,0
1185,11257,0
1185,11258,0
1185,11260,0
1185,11261,0
1185,11262,0
1185,11264,0
1185,11265,0
1185,11266,0
1185,11267,0
1185,11269,0
1185,11270,0
1185,11274,0
1185,11275,0
1185,11276,0
1185,11277,0
1185,11278,0
1185,11281,0
1185,11282,0
1185,11283,0
1185,11284,0
1185,11285,0
1185,11287,0
1185,11288,0
1185,11292,0
1185,11293,0
1185,11296,0
1185,11297,0
1185,11299,0
1185,11300,0
1185,11302,0
1185,11303,0
1185,11304,0
1185,11307,0
1185,11308,0
1185,11309,0
1185,11310,0
1185,11311,0
1185,11312,0
1185,11313,0
1185,11316,0
1185,11318,0
1185,11319,0
1185,11320,0
1185,11321,0
1185,11327,0
1185,11328,0
1185,11329,0
1185,11331,0
1185,11332,0
1185,11333,0
1185,11335,0
1185,11336,0
1185,11337,0
1185,11338,0
1185,11339,0
1185,11340,0
1185,11342,0
1185,11343,0
1185,11345,0
1185,11347,0
1185,11348,0
1185,11350,0
1185,11351,0
1185,11352,0
1185,11353,0
1185,11354,0
1185,11358,0
1185,11361,0
1185,11362,0
1185,11363,0
1185,11365,0
1185,11366,0
1185,11368,0
1185,11370,0
1185,11371,0
1185,11375,0
1185,11376,0
1185,11377,0
1185,11379,0
1185,11380,0
1185,11381,0
1185,11382,0
1185,11385,0
1185,11386,0
1185,11387,0
1185,11388,0
1185,11389,0
1185,11390,0
1185,11391,0
1185,11392,0
1185,11398,0
1185,11399,0
1185,11401,0
1185,11403,0
1185,11404,0
1185,11405,0
1185,11407,0
1185,11409,0
1185,11410,0
1185,11411,0
1185,11415,0
1185,11416,0
1185,11417,0
1185,11423,0
1185,11424,0
1185,11425,0
1185,11427,0
1185,11428,0
1185,11429,0
1185,11431,0
1185,11435,0
1185,11436,0
1185,11437,0
1185,11440,0
1185,11443,0
1185,11444,0
1185,11453,0
1185,11455,0
1185,11456,0
1185,11457,0
1185,11458,0
1185,11459,0
1185,11460,0
1185,11461,0
1185,11462,0
1185,11463,0
1185,11464,0
1185,11465,0
1185,11466,0
1185,11467,0
1185,11468,0
1185,11469,0
1185,11471,0
1185,11473,0
1185,11474,0
1185,11475,0
1185,11478,0
1185,11479,0
1185,11480,0
1185,11483,0
1185,11484,0
1185,11485,0
1185,11486,0
1185,11489,0
1185,11490,0
1185,11491,0
1185,11493,0
1185,11496,0
1185,11501,0
1185,11503,0
1185,11505,0
1185,11511,0
1185,11522,0
1185,11527,0
